[
  {
    "model": "games.scoretableentryforround",
    "pk": 1,
    "fields": {
      "round": 1,
      "position": 1,
      "score": 15
    }
  },
  {
    "model": "games.scoretableentryforround",
    "pk": 2,
    "fields": {
      "round": 1,
      "position": 2,
      "score": 12
    }
  },
  {
    "model": "games.scoretableentryforround",
    "pk": 3,
    "fields": {
      "round": 1,
      "position": 3,
      "score": 9
    }
  },
  {
    "model": "games.scoretableentryforround",
    "pk": 4,
    "fields": {
      "round": 1,
      "position": 4,
      "score": 7
    }
  },
  {
    "model": "games.scoretableentryforround",
    "pk": 5,
    "fields": {
      "round": 1,
      "position": 5,
      "score": 6
    }
  },
  {
    "model": "games.scoretableentryforround",
    "pk": 6,
    "fields": {
      "round": 1,
      "position": 6,
      "score": 5
    }
  },
  {
    "model": "games.scoretableentryforround",
    "pk": 7,
    "fields": {
      "round": 1,
      "position": 7,
      "score": 4
    }
  },
  {
    "model": "games.scoretableentryforround",
    "pk": 8,
    "fields": {
      "round": 1,
      "position": 8,
      "score": 3
    }
  },
  {
    "model": "games.scoretableentryforround",
    "pk": 9,
    "fields": {
      "round": 1,
      "position": 9,
      "score": 2
    }
  },
  {
    "model": "games.scoretableentryforround",
    "pk": 10,
    "fields": {
      "round": 1,
      "position": 10,
      "score": 1
    }
  },
  {
    "model": "games.participantteam",
    "pk": 1,
    "fields": {
      "user": 1,
      "round": 1,
      "riders": [
        143,
        89,
        62,
        38,
        127,
        56,
        23,
        52,
        97,
        37,
        25,
        77,
        157,
        67,
        42,
        109,
        92,
        22
      ]
    }
  },
  {
    "model": "games.participantteam",
    "pk": 2,
    "fields": {
      "user": 2,
      "round": 1,
      "riders": [
        132,
        89,
        107,
        98,
        41,
        56,
        54,
        33,
        37,
        5,
        77,
        65,
        67,
        113,
        121,
        129,
        106,
        22
      ]
    }
  },
  {
    "model": "games.participantteam",
    "pk": 3,
    "fields": {
      "user": 3,
      "round": 1,
      "riders": [
        132,
        153,
        62,
        38,
        127,
        56,
        23,
        52,
        97,
        31,
        5,
        77,
        65,
        67,
        113,
        40,
        129,
        22
      ]
    }
  },
  {
    "model": "games.participantteam",
    "pk": 4,
    "fields": {
      "user": 4,
      "round": 1,
      "riders": [
        132,
        169,
        145,
        98,
        41,
        27,
        128,
        105,
        33,
        31,
        5,
        29,
        65,
        113,
        40,
        16,
        92,
        22
      ]
    }
  },
  {
    "model": "games.participantteam",
    "pk": 5,
    "fields": {
      "user": 5,
      "round": 1,
      "riders": [
        132,
        89,
        72,
        38,
        41,
        49,
        23,
        137,
        33,
        37,
        25,
        77,
        65,
        67,
        113,
        121,
        129,
        92
      ]
    }
  },
  {
    "model": "games.participantteam",
    "pk": 6,
    "fields": {
      "user": 6,
      "round": 1,
      "riders": [
        132,
        89,
        62,
        145,
        38,
        64,
        105,
        33,
        31,
        5,
        77,
        65,
        67,
        113,
        16,
        92
      ]
    }
  },
  {
    "model": "games.stagescoreforrider",
    "pk": 1,
    "fields": {
      "stage": 1,
      "rider": 16,
      "position": 1,
      "score": 15
    }
  },
  {
    "model": "games.stagescoreforrider",
    "pk": 2,
    "fields": {
      "stage": 1,
      "rider": 129,
      "position": 2,
      "score": 12
    }
  },
  {
    "model": "games.stagescoreforrider",
    "pk": 3,
    "fields": {
      "stage": 1,
      "rider": 9,
      "position": 3,
      "score": 9
    }
  },
  {
    "model": "games.stagescoreforrider",
    "pk": 4,
    "fields": {
      "stage": 1,
      "rider": 31,
      "position": 4,
      "score": 7
    }
  },
  {
    "model": "games.stagescoreforrider",
    "pk": 5,
    "fields": {
      "stage": 1,
      "rider": 121,
      "position": 5,
      "score": 6
    }
  },
  {
    "model": "games.stagescoreforrider",
    "pk": 6,
    "fields": {
      "stage": 1,
      "rider": 101,
      "position": 6,
      "score": 5
    }
  },
  {
    "model": "games.stagescoreforrider",
    "pk": 7,
    "fields": {
      "stage": 1,
      "rider": 57,
      "position": 7,
      "score": 4
    }
  },
  {
    "model": "games.stagescoreforrider",
    "pk": 8,
    "fields": {
      "stage": 1,
      "rider": 67,
      "position": 8,
      "score": 3
    }
  },
  {
    "model": "games.stagescoreforrider",
    "pk": 9,
    "fields": {
      "stage": 1,
      "rider": 1,
      "position": 9,
      "score": 2
    }
  },
  {
    "model": "games.stagescoreforrider",
    "pk": 10,
    "fields": {
      "stage": 1,
      "rider": 25,
      "position": 10,
      "score": 1
    }
  },
  {
    "model": "games.stagescoreforrider",
    "pk": 11,
    "fields": {
      "stage": 2,
      "rider": 101,
      "position": 1,
      "score": 15
    }
  },
  {
    "model": "games.stagescoreforrider",
    "pk": 12,
    "fields": {
      "stage": 2,
      "rider": 6,
      "position": 2,
      "score": 12
    }
  },
  {
    "model": "games.stagescoreforrider",
    "pk": 13,
    "fields": {
      "stage": 2,
      "rider": 9,
      "position": 3,
      "score": 9
    }
  },
  {
    "model": "games.stagescoreforrider",
    "pk": 14,
    "fields": {
      "stage": 2,
      "rider": 22,
      "position": 4,
      "score": 7
    }
  },
  {
    "model": "games.stagescoreforrider",
    "pk": 15,
    "fields": {
      "stage": 2,
      "rider": 52,
      "position": 5,
      "score": 6
    }
  },
  {
    "model": "games.stagescoreforrider",
    "pk": 16,
    "fields": {
      "stage": 2,
      "rider": 121,
      "position": 6,
      "score": 5
    }
  },
  {
    "model": "games.stagescoreforrider",
    "pk": 17,
    "fields": {
      "stage": 2,
      "rider": 113,
      "position": 7,
      "score": 4
    }
  },
  {
    "model": "games.stagescoreforrider",
    "pk": 18,
    "fields": {
      "stage": 2,
      "rider": 128,
      "position": 8,
      "score": 3
    }
  },
  {
    "model": "games.stagescoreforrider",
    "pk": 19,
    "fields": {
      "stage": 2,
      "rider": 57,
      "position": 9,
      "score": 2
    }
  },
  {
    "model": "games.stagescoreforrider",
    "pk": 20,
    "fields": {
      "stage": 2,
      "rider": 172,
      "position": 10,
      "score": 1
    }
  },
  {
    "model": "games.stagescoreforrider",
    "pk": 21,
    "fields": {
      "stage": 3,
      "rider": 86,
      "position": 1,
      "score": 15
    }
  },
  {
    "model": "games.stagescoreforrider",
    "pk": 22,
    "fields": {
      "stage": 3,
      "rider": 51,
      "position": 2,
      "score": 12
    }
  },
  {
    "model": "games.stagescoreforrider",
    "pk": 23,
    "fields": {
      "stage": 3,
      "rider": 145,
      "position": 3,
      "score": 9
    }
  },
  {
    "model": "games.stagescoreforrider",
    "pk": 24,
    "fields": {
      "stage": 3,
      "rider": 46,
      "position": 4,
      "score": 7
    }
  },
  {
    "model": "games.stagescoreforrider",
    "pk": 25,
    "fields": {
      "stage": 3,
      "rider": 6,
      "position": 5,
      "score": 6
    }
  },
  {
    "model": "games.stagescoreforrider",
    "pk": 26,
    "fields": {
      "stage": 3,
      "rider": 153,
      "position": 6,
      "score": 5
    }
  },
  {
    "model": "games.stagescoreforrider",
    "pk": 27,
    "fields": {
      "stage": 3,
      "rider": 62,
      "position": 7,
      "score": 4
    }
  },
  {
    "model": "games.stagescoreforrider",
    "pk": 28,
    "fields": {
      "stage": 3,
      "rider": 132,
      "position": 8,
      "score": 3
    }
  },
  {
    "model": "games.stagescoreforrider",
    "pk": 29,
    "fields": {
      "stage": 3,
      "rider": 70,
      "position": 9,
      "score": 2
    }
  },
  {
    "model": "games.stagescoreforrider",
    "pk": 30,
    "fields": {
      "stage": 3,
      "rider": 98,
      "position": 10,
      "score": 1
    }
  },
  {
    "model": "games.stagescoreforrider",
    "pk": 31,
    "fields": {
      "stage": 4,
      "rider": 86,
      "position": 1,
      "score": 15
    }
  },
  {
    "model": "games.stagescoreforrider",
    "pk": 32,
    "fields": {
      "stage": 4,
      "rider": 145,
      "position": 2,
      "score": 12
    }
  },
  {
    "model": "games.stagescoreforrider",
    "pk": 33,
    "fields": {
      "stage": 4,
      "rider": 51,
      "position": 3,
      "score": 9
    }
  },
  {
    "model": "games.stagescoreforrider",
    "pk": 34,
    "fields": {
      "stage": 4,
      "rider": 98,
      "position": 4,
      "score": 7
    }
  },
  {
    "model": "games.stagescoreforrider",
    "pk": 35,
    "fields": {
      "stage": 4,
      "rider": 153,
      "position": 5,
      "score": 6
    }
  },
  {
    "model": "games.stagescoreforrider",
    "pk": 36,
    "fields": {
      "stage": 4,
      "rider": 64,
      "position": 6,
      "score": 5
    }
  },
  {
    "model": "games.stagescoreforrider",
    "pk": 37,
    "fields": {
      "stage": 4,
      "rider": 161,
      "position": 7,
      "score": 4
    }
  },
  {
    "model": "games.stagescoreforrider",
    "pk": 38,
    "fields": {
      "stage": 4,
      "rider": 135,
      "position": 8,
      "score": 3
    }
  },
  {
    "model": "games.stagescoreforrider",
    "pk": 39,
    "fields": {
      "stage": 4,
      "rider": 6,
      "position": 9,
      "score": 2
    }
  },
  {
    "model": "games.stagescoreforrider",
    "pk": 40,
    "fields": {
      "stage": 4,
      "rider": 70,
      "position": 10,
      "score": 1
    }
  },
  {
    "model": "games.stagescoreforrider",
    "pk": 41,
    "fields": {
      "stage": 5,
      "rider": 57,
      "position": 1,
      "score": 15
    }
  },
  {
    "model": "games.stagescoreforrider",
    "pk": 42,
    "fields": {
      "stage": 5,
      "rider": 65,
      "position": 2,
      "score": 12
    }
  },
  {
    "model": "games.stagescoreforrider",
    "pk": 43,
    "fields": {
      "stage": 5,
      "rider": 77,
      "position": 3,
      "score": 9
    }
  },
  {
    "model": "games.stagescoreforrider",
    "pk": 44,
    "fields": {
      "stage": 5,
      "rider": 58,
      "position": 4,
      "score": 7
    }
  },
  {
    "model": "games.stagescoreforrider",
    "pk": 45,
    "fields": {
      "stage": 5,
      "rider": 1,
      "position": 5,
      "score": 6
    }
  },
  {
    "model": "games.stagescoreforrider",
    "pk": 46,
    "fields": {
      "stage": 5,
      "rider": 67,
      "position": 6,
      "score": 5
    }
  },
  {
    "model": "games.stagescoreforrider",
    "pk": 47,
    "fields": {
      "stage": 5,
      "rider": 21,
      "position": 7,
      "score": 4
    }
  },
  {
    "model": "games.stagescoreforrider",
    "pk": 48,
    "fields": {
      "stage": 5,
      "rider": 9,
      "position": 8,
      "score": 3
    }
  },
  {
    "model": "games.stagescoreforrider",
    "pk": 49,
    "fields": {
      "stage": 5,
      "rider": 25,
      "position": 9,
      "score": 2
    }
  },
  {
    "model": "games.stagescoreforrider",
    "pk": 50,
    "fields": {
      "stage": 5,
      "rider": 23,
      "position": 10,
      "score": 1
    }
  },
  {
    "model": "games.stagescoreforrider",
    "pk": 51,
    "fields": {
      "stage": 6,
      "rider": 9,
      "position": 1,
      "score": 15
    }
  },
  {
    "model": "games.stagescoreforrider",
    "pk": 52,
    "fields": {
      "stage": 6,
      "rider": 1,
      "position": 2,
      "score": 12
    }
  },
  {
    "model": "games.stagescoreforrider",
    "pk": 53,
    "fields": {
      "stage": 6,
      "rider": 164,
      "position": 3,
      "score": 9
    }
  },
  {
    "model": "games.stagescoreforrider",
    "pk": 54,
    "fields": {
      "stage": 6,
      "rider": 106,
      "position": 4,
      "score": 7
    }
  },
  {
    "model": "games.stagescoreforrider",
    "pk": 55,
    "fields": {
      "stage": 6,
      "rider": 39,
      "position": 5,
      "score": 6
    }
  },
  {
    "model": "games.stagescoreforrider",
    "pk": 56,
    "fields": {
      "stage": 6,
      "rider": 57,
      "position": 6,
      "score": 5
    }
  },
  {
    "model": "games.stagescoreforrider",
    "pk": 57,
    "fields": {
      "stage": 6,
      "rider": 23,
      "position": 7,
      "score": 4
    }
  },
  {
    "model": "games.stagescoreforrider",
    "pk": 58,
    "fields": {
      "stage": 6,
      "rider": 129,
      "position": 8,
      "score": 3
    }
  },
  {
    "model": "games.stagescoreforrider",
    "pk": 59,
    "fields": {
      "stage": 6,
      "rider": 16,
      "position": 9,
      "score": 2
    }
  },
  {
    "model": "games.stagescoreforrider",
    "pk": 60,
    "fields": {
      "stage": 6,
      "rider": 113,
      "position": 10,
      "score": 1
    }
  },
  {
    "model": "games.stagescoreforrider",
    "pk": 61,
    "fields": {
      "stage": 7,
      "rider": 86,
      "position": 1,
      "score": 15
    }
  },
  {
    "model": "games.stagescoreforrider",
    "pk": 62,
    "fields": {
      "stage": 7,
      "rider": 153,
      "position": 2,
      "score": 12
    }
  },
  {
    "model": "games.stagescoreforrider",
    "pk": 63,
    "fields": {
      "stage": 7,
      "rider": 89,
      "position": 3,
      "score": 9
    }
  },
  {
    "model": "games.stagescoreforrider",
    "pk": 64,
    "fields": {
      "stage": 7,
      "rider": 143,
      "position": 4,
      "score": 7
    }
  },
  {
    "model": "games.stagescoreforrider",
    "pk": 65,
    "fields": {
      "stage": 7,
      "rider": 132,
      "position": 5,
      "score": 6
    }
  },
  {
    "model": "games.stagescoreforrider",
    "pk": 66,
    "fields": {
      "stage": 7,
      "rider": 62,
      "position": 6,
      "score": 5
    }
  },
  {
    "model": "games.stagescoreforrider",
    "pk": 67,
    "fields": {
      "stage": 7,
      "rider": 51,
      "position": 7,
      "score": 4
    }
  },
  {
    "model": "games.stagescoreforrider",
    "pk": 68,
    "fields": {
      "stage": 7,
      "rider": 98,
      "position": 8,
      "score": 3
    }
  },
  {
    "model": "games.stagescoreforrider",
    "pk": 69,
    "fields": {
      "stage": 7,
      "rider": 161,
      "position": 9,
      "score": 2
    }
  },
  {
    "model": "games.stagescoreforrider",
    "pk": 70,
    "fields": {
      "stage": 7,
      "rider": 70,
      "position": 10,
      "score": 1
    }
  },
  {
    "model": "games.stagescoreforrider",
    "pk": 71,
    "fields": {
      "stage": 8,
      "rider": 70,
      "position": 1,
      "score": 15
    }
  },
  {
    "model": "games.stagescoreforrider",
    "pk": 72,
    "fields": {
      "stage": 8,
      "rider": 86,
      "position": 2,
      "score": 12
    }
  },
  {
    "model": "games.stagescoreforrider",
    "pk": 73,
    "fields": {
      "stage": 8,
      "rider": 6,
      "position": 3,
      "score": 9
    }
  },
  {
    "model": "games.stagescoreforrider",
    "pk": 74,
    "fields": {
      "stage": 8,
      "rider": 132,
      "position": 4,
      "score": 7
    }
  },
  {
    "model": "games.stagescoreforrider",
    "pk": 75,
    "fields": {
      "stage": 8,
      "rider": 117,
      "position": 5,
      "score": 6
    }
  },
  {
    "model": "games.stagescoreforrider",
    "pk": 76,
    "fields": {
      "stage": 8,
      "rider": 98,
      "position": 6,
      "score": 5
    }
  },
  {
    "model": "games.stagescoreforrider",
    "pk": 77,
    "fields": {
      "stage": 8,
      "rider": 147,
      "position": 7,
      "score": 4
    }
  },
  {
    "model": "games.stagescoreforrider",
    "pk": 78,
    "fields": {
      "stage": 8,
      "rider": 165,
      "position": 8,
      "score": 3
    }
  },
  {
    "model": "games.stagescoreforrider",
    "pk": 79,
    "fields": {
      "stage": 8,
      "rider": 127,
      "position": 9,
      "score": 2
    }
  },
  {
    "model": "games.stagescoreforrider",
    "pk": 80,
    "fields": {
      "stage": 8,
      "rider": 9,
      "position": 10,
      "score": 1
    }
  },
  {
    "model": "games.stagescoreforrider",
    "pk": 81,
    "fields": {
      "stage": 9,
      "rider": 121,
      "position": 1,
      "score": 15
    }
  },
  {
    "model": "games.stagescoreforrider",
    "pk": 82,
    "fields": {
      "stage": 9,
      "rider": 174,
      "position": 2,
      "score": 12
    }
  },
  {
    "model": "games.stagescoreforrider",
    "pk": 83,
    "fields": {
      "stage": 9,
      "rider": 54,
      "position": 3,
      "score": 9
    }
  },
  {
    "model": "games.stagescoreforrider",
    "pk": 84,
    "fields": {
      "stage": 9,
      "rider": 109,
      "position": 4,
      "score": 7
    }
  },
  {
    "model": "games.stagescoreforrider",
    "pk": 85,
    "fields": {
      "stage": 9,
      "rider": 74,
      "position": 5,
      "score": 6
    }
  },
  {
    "model": "games.stagescoreforrider",
    "pk": 86,
    "fields": {
      "stage": 9,
      "rider": 38,
      "position": 6,
      "score": 5
    }
  },
  {
    "model": "games.stagescoreforrider",
    "pk": 87,
    "fields": {
      "stage": 9,
      "rider": 157,
      "position": 7,
      "score": 4
    }
  },
  {
    "model": "games.stagescoreforrider",
    "pk": 88,
    "fields": {
      "stage": 9,
      "rider": 168,
      "position": 8,
      "score": 3
    }
  },
  {
    "model": "games.stagescoreforrider",
    "pk": 89,
    "fields": {
      "stage": 9,
      "rider": 171,
      "position": 9,
      "score": 2
    }
  },
  {
    "model": "games.stagescoreforrider",
    "pk": 90,
    "fields": {
      "stage": 9,
      "rider": 155,
      "position": 10,
      "score": 1
    }
  },
  {
    "model": "games.stagescoreforrider",
    "pk": 91,
    "fields": {
      "stage": 11,
      "rider": 52,
      "position": 1,
      "score": 15
    }
  },
  {
    "model": "games.stagescoreforrider",
    "pk": 92,
    "fields": {
      "stage": 11,
      "rider": 96,
      "position": 2,
      "score": 12
    }
  },
  {
    "model": "games.stagescoreforrider",
    "pk": 93,
    "fields": {
      "stage": 11,
      "rider": 73,
      "position": 3,
      "score": 9
    }
  },
  {
    "model": "games.stagescoreforrider",
    "pk": 94,
    "fields": {
      "stage": 11,
      "rider": 125,
      "position": 4,
      "score": 7
    }
  },
  {
    "model": "games.stagescoreforrider",
    "pk": 95,
    "fields": {
      "stage": 11,
      "rider": 33,
      "position": 5,
      "score": 6
    }
  },
  {
    "model": "games.stagescoreforrider",
    "pk": 96,
    "fields": {
      "stage": 11,
      "rider": 112,
      "position": 6,
      "score": 5
    }
  },
  {
    "model": "games.stagescoreforrider",
    "pk": 97,
    "fields": {
      "stage": 11,
      "rider": 67,
      "position": 7,
      "score": 4
    }
  },
  {
    "model": "games.stagescoreforrider",
    "pk": 98,
    "fields": {
      "stage": 11,
      "rider": 20,
      "position": 8,
      "score": 3
    }
  },
  {
    "model": "games.stagescoreforrider",
    "pk": 99,
    "fields": {
      "stage": 11,
      "rider": 137,
      "position": 9,
      "score": 2
    }
  },
  {
    "model": "games.stagescoreforrider",
    "pk": 100,
    "fields": {
      "stage": 11,
      "rider": 41,
      "position": 10,
      "score": 1
    }
  },
  {
    "model": "games.stagescoreforrider",
    "pk": 101,
    "fields": {
      "stage": 12,
      "rider": 86,
      "position": 1,
      "score": 15
    }
  },
  {
    "model": "games.stagescoreforrider",
    "pk": 102,
    "fields": {
      "stage": 12,
      "rider": 132,
      "position": 2,
      "score": 12
    }
  },
  {
    "model": "games.stagescoreforrider",
    "pk": 103,
    "fields": {
      "stage": 12,
      "rider": 51,
      "position": 3,
      "score": 9
    }
  },
  {
    "model": "games.stagescoreforrider",
    "pk": 104,
    "fields": {
      "stage": 12,
      "rider": 98,
      "position": 4,
      "score": 7
    }
  },
  {
    "model": "games.stagescoreforrider",
    "pk": 105,
    "fields": {
      "stage": 12,
      "rider": 70,
      "position": 5,
      "score": 6
    }
  },
  {
    "model": "games.stagescoreforrider",
    "pk": 106,
    "fields": {
      "stage": 12,
      "rider": 161,
      "position": 6,
      "score": 5
    }
  },
  {
    "model": "games.stagescoreforrider",
    "pk": 107,
    "fields": {
      "stage": 12,
      "rider": 143,
      "position": 7,
      "score": 4
    }
  },
  {
    "model": "games.stagescoreforrider",
    "pk": 108,
    "fields": {
      "stage": 12,
      "rider": 169,
      "position": 8,
      "score": 3
    }
  },
  {
    "model": "games.stagescoreforrider",
    "pk": 109,
    "fields": {
      "stage": 12,
      "rider": 6,
      "position": 9,
      "score": 2
    }
  },
  {
    "model": "games.stagescoreforrider",
    "pk": 110,
    "fields": {
      "stage": 12,
      "rider": 120,
      "position": 10,
      "score": 1
    }
  },
  {
    "model": "games.stagescoreforrider",
    "pk": 111,
    "fields": {
      "stage": 13,
      "rider": 100,
      "position": 1,
      "score": 15
    }
  },
  {
    "model": "games.stagescoreforrider",
    "pk": 112,
    "fields": {
      "stage": 13,
      "rider": 173,
      "position": 2,
      "score": 12
    }
  },
  {
    "model": "games.stagescoreforrider",
    "pk": 113,
    "fields": {
      "stage": 13,
      "rider": 109,
      "position": 3,
      "score": 9
    }
  },
  {
    "model": "games.stagescoreforrider",
    "pk": 114,
    "fields": {
      "stage": 13,
      "rider": 2,
      "position": 4,
      "score": 7
    }
  },
  {
    "model": "games.stagescoreforrider",
    "pk": 115,
    "fields": {
      "stage": 13,
      "rider": 164,
      "position": 5,
      "score": 6
    }
  },
  {
    "model": "games.stagescoreforrider",
    "pk": 116,
    "fields": {
      "stage": 13,
      "rider": 31,
      "position": 6,
      "score": 5
    }
  },
  {
    "model": "games.stagescoreforrider",
    "pk": 117,
    "fields": {
      "stage": 13,
      "rider": 97,
      "position": 7,
      "score": 4
    }
  },
  {
    "model": "games.stagescoreforrider",
    "pk": 118,
    "fields": {
      "stage": 13,
      "rider": 128,
      "position": 8,
      "score": 3
    }
  },
  {
    "model": "games.stagescoreforrider",
    "pk": 119,
    "fields": {
      "stage": 13,
      "rider": 106,
      "position": 9,
      "score": 2
    }
  },
  {
    "model": "games.stagescoreforrider",
    "pk": 120,
    "fields": {
      "stage": 13,
      "rider": 146,
      "position": 10,
      "score": 1
    }
  },
  {
    "model": "games.stagescoreforrider",
    "pk": 121,
    "fields": {
      "stage": 14,
      "rider": 20,
      "position": 1,
      "score": 15
    }
  },
  {
    "model": "games.stagescoreforrider",
    "pk": 122,
    "fields": {
      "stage": 14,
      "rider": 151,
      "position": 2,
      "score": 12
    }
  },
  {
    "model": "games.stagescoreforrider",
    "pk": 123,
    "fields": {
      "stage": 14,
      "rider": 9,
      "position": 3,
      "score": 9
    }
  },
  {
    "model": "games.stagescoreforrider",
    "pk": 124,
    "fields": {
      "stage": 14,
      "rider": 1,
      "position": 4,
      "score": 7
    }
  },
  {
    "model": "games.stagescoreforrider",
    "pk": 125,
    "fields": {
      "stage": 14,
      "rider": 22,
      "position": 5,
      "score": 6
    }
  },
  {
    "model": "games.stagescoreforrider",
    "pk": 126,
    "fields": {
      "stage": 14,
      "rider": 57,
      "position": 6,
      "score": 5
    }
  },
  {
    "model": "games.stagescoreforrider",
    "pk": 127,
    "fields": {
      "stage": 14,
      "rider": 39,
      "position": 7,
      "score": 4
    }
  },
  {
    "model": "games.stagescoreforrider",
    "pk": 128,
    "fields": {
      "stage": 14,
      "rider": 160,
      "position": 8,
      "score": 3
    }
  },
  {
    "model": "games.stagescoreforrider",
    "pk": 129,
    "fields": {
      "stage": 14,
      "rider": 129,
      "position": 9,
      "score": 2
    }
  },
  {
    "model": "games.stagescoreforrider",
    "pk": 130,
    "fields": {
      "stage": 14,
      "rider": 16,
      "position": 10,
      "score": 1
    }
  },
  {
    "model": "games.stagescoreforrider",
    "pk": 131,
    "fields": {
      "stage": 11,
      "rider": 36,
      "position": 5,
      "score": 6
    }
  },
  {
    "model": "games.stagescoreforrider",
    "pk": 132,
    "fields": {
      "stage": 13,
      "rider": 171,
      "position": 2,
      "score": 12
    }
  },
  {
    "model": "games.stagescoreforparticipantteam",
    "pk": 1,
    "fields": {
      "participant_team": 1,
      "stage": 1,
      "score_for_stage": 4,
      "accumulated_score": 4,
      "rider_stage_scores": [
        8,
        10
      ]
    }
  },
  {
    "model": "games.stagescoreforparticipantteam",
    "pk": 2,
    "fields": {
      "participant_team": 2,
      "stage": 1,
      "score_for_stage": 21,
      "accumulated_score": 21,
      "rider_stage_scores": [
        5,
        8,
        2
      ]
    }
  },
  {
    "model": "games.stagescoreforparticipantteam",
    "pk": 3,
    "fields": {
      "participant_team": 3,
      "stage": 1,
      "score_for_stage": 22,
      "accumulated_score": 22,
      "rider_stage_scores": [
        4,
        8,
        2
      ]
    }
  },
  {
    "model": "games.stagescoreforparticipantteam",
    "pk": 4,
    "fields": {
      "participant_team": 4,
      "stage": 1,
      "score_for_stage": 22,
      "accumulated_score": 22,
      "rider_stage_scores": [
        4,
        1
      ]
    }
  },
  {
    "model": "games.stagescoreforparticipantteam",
    "pk": 5,
    "fields": {
      "participant_team": 5,
      "stage": 1,
      "score_for_stage": 22,
      "accumulated_score": 22,
      "rider_stage_scores": [
        5,
        8,
        10,
        2
      ]
    }
  },
  {
    "model": "games.stagescoreforparticipantteam",
    "pk": 6,
    "fields": {
      "participant_team": 6,
      "stage": 1,
      "score_for_stage": 25,
      "accumulated_score": 25,
      "rider_stage_scores": [
        4,
        8,
        1
      ]
    }
  },
  {
    "model": "games.stagescoreforparticipantteam",
    "pk": 7,
    "fields": {
      "participant_team": 1,
      "stage": 2,
      "score_for_stage": 13,
      "accumulated_score": 17,
      "rider_stage_scores": [
        14,
        15
      ]
    }
  },
  {
    "model": "games.stagescoreforparticipantteam",
    "pk": 8,
    "fields": {
      "participant_team": 2,
      "stage": 2,
      "score_for_stage": 16,
      "accumulated_score": 37,
      "rider_stage_scores": [
        14,
        16,
        17
      ]
    }
  },
  {
    "model": "games.stagescoreforparticipantteam",
    "pk": 9,
    "fields": {
      "participant_team": 3,
      "stage": 2,
      "score_for_stage": 17,
      "accumulated_score": 39,
      "rider_stage_scores": [
        14,
        15,
        17
      ]
    }
  },
  {
    "model": "games.stagescoreforparticipantteam",
    "pk": 10,
    "fields": {
      "participant_team": 4,
      "stage": 2,
      "score_for_stage": 14,
      "accumulated_score": 36,
      "rider_stage_scores": [
        14,
        17,
        18
      ]
    }
  },
  {
    "model": "games.stagescoreforparticipantteam",
    "pk": 11,
    "fields": {
      "participant_team": 5,
      "stage": 2,
      "score_for_stage": 9,
      "accumulated_score": 31,
      "rider_stage_scores": [
        16,
        17
      ]
    }
  },
  {
    "model": "games.stagescoreforparticipantteam",
    "pk": 12,
    "fields": {
      "participant_team": 6,
      "stage": 2,
      "score_for_stage": 4,
      "accumulated_score": 29,
      "rider_stage_scores": [
        17
      ]
    }
  },
  {
    "model": "games.stagescoreforparticipantteam",
    "pk": 13,
    "fields": {
      "participant_team": 1,
      "stage": 3,
      "score_for_stage": 4,
      "accumulated_score": 21,
      "rider_stage_scores": [
        27
      ]
    }
  },
  {
    "model": "games.stagescoreforparticipantteam",
    "pk": 14,
    "fields": {
      "participant_team": 2,
      "stage": 3,
      "score_for_stage": 4,
      "accumulated_score": 41,
      "rider_stage_scores": [
        28,
        30
      ]
    }
  },
  {
    "model": "games.stagescoreforparticipantteam",
    "pk": 15,
    "fields": {
      "participant_team": 3,
      "stage": 3,
      "score_for_stage": 12,
      "accumulated_score": 51,
      "rider_stage_scores": [
        26,
        27,
        28
      ]
    }
  },
  {
    "model": "games.stagescoreforparticipantteam",
    "pk": 16,
    "fields": {
      "participant_team": 4,
      "stage": 3,
      "score_for_stage": 13,
      "accumulated_score": 49,
      "rider_stage_scores": [
        23,
        28,
        30
      ]
    }
  },
  {
    "model": "games.stagescoreforparticipantteam",
    "pk": 17,
    "fields": {
      "participant_team": 5,
      "stage": 3,
      "score_for_stage": 3,
      "accumulated_score": 34,
      "rider_stage_scores": [
        28
      ]
    }
  },
  {
    "model": "games.stagescoreforparticipantteam",
    "pk": 18,
    "fields": {
      "participant_team": 6,
      "stage": 3,
      "score_for_stage": 16,
      "accumulated_score": 45,
      "rider_stage_scores": [
        23,
        27,
        28
      ]
    }
  },
  {
    "model": "games.stagescoreforparticipantteam",
    "pk": 19,
    "fields": {
      "participant_team": 1,
      "stage": 4,
      "score_for_stage": 0,
      "accumulated_score": 21,
      "rider_stage_scores": []
    }
  },
  {
    "model": "games.stagescoreforparticipantteam",
    "pk": 20,
    "fields": {
      "participant_team": 2,
      "stage": 4,
      "score_for_stage": 7,
      "accumulated_score": 48,
      "rider_stage_scores": [
        34
      ]
    }
  },
  {
    "model": "games.stagescoreforparticipantteam",
    "pk": 21,
    "fields": {
      "participant_team": 3,
      "stage": 4,
      "score_for_stage": 6,
      "accumulated_score": 57,
      "rider_stage_scores": [
        35
      ]
    }
  },
  {
    "model": "games.stagescoreforparticipantteam",
    "pk": 22,
    "fields": {
      "participant_team": 4,
      "stage": 4,
      "score_for_stage": 19,
      "accumulated_score": 68,
      "rider_stage_scores": [
        32,
        34
      ]
    }
  },
  {
    "model": "games.stagescoreforparticipantteam",
    "pk": 23,
    "fields": {
      "participant_team": 5,
      "stage": 4,
      "score_for_stage": 0,
      "accumulated_score": 34,
      "rider_stage_scores": []
    }
  },
  {
    "model": "games.stagescoreforparticipantteam",
    "pk": 24,
    "fields": {
      "participant_team": 6,
      "stage": 4,
      "score_for_stage": 17,
      "accumulated_score": 62,
      "rider_stage_scores": [
        32,
        36
      ]
    }
  },
  {
    "model": "games.stagescoreforparticipantteam",
    "pk": 25,
    "fields": {
      "participant_team": 1,
      "stage": 5,
      "score_for_stage": 17,
      "accumulated_score": 38,
      "rider_stage_scores": [
        43,
        46,
        49,
        50
      ]
    }
  },
  {
    "model": "games.stagescoreforparticipantteam",
    "pk": 26,
    "fields": {
      "participant_team": 2,
      "stage": 5,
      "score_for_stage": 26,
      "accumulated_score": 74,
      "rider_stage_scores": [
        42,
        43,
        46
      ]
    }
  },
  {
    "model": "games.stagescoreforparticipantteam",
    "pk": 27,
    "fields": {
      "participant_team": 3,
      "stage": 5,
      "score_for_stage": 27,
      "accumulated_score": 84,
      "rider_stage_scores": [
        42,
        43,
        46,
        50
      ]
    }
  },
  {
    "model": "games.stagescoreforparticipantteam",
    "pk": 28,
    "fields": {
      "participant_team": 4,
      "stage": 5,
      "score_for_stage": 12,
      "accumulated_score": 80,
      "rider_stage_scores": [
        42
      ]
    }
  },
  {
    "model": "games.stagescoreforparticipantteam",
    "pk": 29,
    "fields": {
      "participant_team": 5,
      "stage": 5,
      "score_for_stage": 29,
      "accumulated_score": 63,
      "rider_stage_scores": [
        42,
        43,
        46,
        49,
        50
      ]
    }
  },
  {
    "model": "games.stagescoreforparticipantteam",
    "pk": 30,
    "fields": {
      "participant_team": 6,
      "stage": 5,
      "score_for_stage": 26,
      "accumulated_score": 88,
      "rider_stage_scores": [
        42,
        43,
        46
      ]
    }
  },
  {
    "model": "games.stagescoreforparticipantteam",
    "pk": 31,
    "fields": {
      "participant_team": 1,
      "stage": 6,
      "score_for_stage": 4,
      "accumulated_score": 42,
      "rider_stage_scores": [
        57
      ]
    }
  },
  {
    "model": "games.stagescoreforparticipantteam",
    "pk": 32,
    "fields": {
      "participant_team": 2,
      "stage": 6,
      "score_for_stage": 11,
      "accumulated_score": 85,
      "rider_stage_scores": [
        54,
        58,
        60
      ]
    }
  },
  {
    "model": "games.stagescoreforparticipantteam",
    "pk": 33,
    "fields": {
      "participant_team": 3,
      "stage": 6,
      "score_for_stage": 8,
      "accumulated_score": 92,
      "rider_stage_scores": [
        57,
        58,
        60
      ]
    }
  },
  {
    "model": "games.stagescoreforparticipantteam",
    "pk": 34,
    "fields": {
      "participant_team": 4,
      "stage": 6,
      "score_for_stage": 3,
      "accumulated_score": 83,
      "rider_stage_scores": [
        59,
        60
      ]
    }
  },
  {
    "model": "games.stagescoreforparticipantteam",
    "pk": 35,
    "fields": {
      "participant_team": 5,
      "stage": 6,
      "score_for_stage": 8,
      "accumulated_score": 71,
      "rider_stage_scores": [
        57,
        58,
        60
      ]
    }
  },
  {
    "model": "games.stagescoreforparticipantteam",
    "pk": 36,
    "fields": {
      "participant_team": 6,
      "stage": 6,
      "score_for_stage": 3,
      "accumulated_score": 91,
      "rider_stage_scores": [
        59,
        60
      ]
    }
  },
  {
    "model": "games.stagescoreforparticipantteam",
    "pk": 37,
    "fields": {
      "participant_team": 1,
      "stage": 7,
      "score_for_stage": 21,
      "accumulated_score": 63,
      "rider_stage_scores": [
        63,
        64,
        66
      ]
    }
  },
  {
    "model": "games.stagescoreforparticipantteam",
    "pk": 38,
    "fields": {
      "participant_team": 2,
      "stage": 7,
      "score_for_stage": 18,
      "accumulated_score": 103,
      "rider_stage_scores": [
        63,
        65,
        68
      ]
    }
  },
  {
    "model": "games.stagescoreforparticipantteam",
    "pk": 39,
    "fields": {
      "participant_team": 3,
      "stage": 7,
      "score_for_stage": 23,
      "accumulated_score": 115,
      "rider_stage_scores": [
        62,
        65,
        66
      ]
    }
  },
  {
    "model": "games.stagescoreforparticipantteam",
    "pk": 40,
    "fields": {
      "participant_team": 4,
      "stage": 7,
      "score_for_stage": 9,
      "accumulated_score": 92,
      "rider_stage_scores": [
        65,
        68
      ]
    }
  },
  {
    "model": "games.stagescoreforparticipantteam",
    "pk": 41,
    "fields": {
      "participant_team": 5,
      "stage": 7,
      "score_for_stage": 15,
      "accumulated_score": 86,
      "rider_stage_scores": [
        63,
        65
      ]
    }
  },
  {
    "model": "games.stagescoreforparticipantteam",
    "pk": 42,
    "fields": {
      "participant_team": 6,
      "stage": 7,
      "score_for_stage": 20,
      "accumulated_score": 111,
      "rider_stage_scores": [
        63,
        65,
        66
      ]
    }
  },
  {
    "model": "games.stagescoreforparticipantteam",
    "pk": 43,
    "fields": {
      "participant_team": 1,
      "stage": 8,
      "score_for_stage": 2,
      "accumulated_score": 65,
      "rider_stage_scores": [
        79
      ]
    }
  },
  {
    "model": "games.stagescoreforparticipantteam",
    "pk": 44,
    "fields": {
      "participant_team": 2,
      "stage": 8,
      "score_for_stage": 12,
      "accumulated_score": 115,
      "rider_stage_scores": [
        74,
        76
      ]
    }
  },
  {
    "model": "games.stagescoreforparticipantteam",
    "pk": 45,
    "fields": {
      "participant_team": 3,
      "stage": 8,
      "score_for_stage": 9,
      "accumulated_score": 124,
      "rider_stage_scores": [
        74,
        79
      ]
    }
  },
  {
    "model": "games.stagescoreforparticipantteam",
    "pk": 46,
    "fields": {
      "participant_team": 4,
      "stage": 8,
      "score_for_stage": 12,
      "accumulated_score": 104,
      "rider_stage_scores": [
        74,
        76
      ]
    }
  },
  {
    "model": "games.stagescoreforparticipantteam",
    "pk": 47,
    "fields": {
      "participant_team": 5,
      "stage": 8,
      "score_for_stage": 7,
      "accumulated_score": 93,
      "rider_stage_scores": [
        74
      ]
    }
  },
  {
    "model": "games.stagescoreforparticipantteam",
    "pk": 48,
    "fields": {
      "participant_team": 6,
      "stage": 8,
      "score_for_stage": 7,
      "accumulated_score": 118,
      "rider_stage_scores": [
        74
      ]
    }
  },
  {
    "model": "games.stagescoreforparticipantteam",
    "pk": 49,
    "fields": {
      "participant_team": 1,
      "stage": 9,
      "score_for_stage": 16,
      "accumulated_score": 81,
      "rider_stage_scores": [
        84,
        86,
        87
      ]
    }
  },
  {
    "model": "games.stagescoreforparticipantteam",
    "pk": 50,
    "fields": {
      "participant_team": 2,
      "stage": 9,
      "score_for_stage": 24,
      "accumulated_score": 139,
      "rider_stage_scores": [
        81,
        83
      ]
    }
  },
  {
    "model": "games.stagescoreforparticipantteam",
    "pk": 51,
    "fields": {
      "participant_team": 3,
      "stage": 9,
      "score_for_stage": 5,
      "accumulated_score": 129,
      "rider_stage_scores": [
        86
      ]
    }
  },
  {
    "model": "games.stagescoreforparticipantteam",
    "pk": 52,
    "fields": {
      "participant_team": 4,
      "stage": 9,
      "score_for_stage": 0,
      "accumulated_score": 104,
      "rider_stage_scores": []
    }
  },
  {
    "model": "games.stagescoreforparticipantteam",
    "pk": 53,
    "fields": {
      "participant_team": 5,
      "stage": 9,
      "score_for_stage": 20,
      "accumulated_score": 113,
      "rider_stage_scores": [
        81,
        86
      ]
    }
  },
  {
    "model": "games.stagescoreforparticipantteam",
    "pk": 54,
    "fields": {
      "participant_team": 6,
      "stage": 9,
      "score_for_stage": 5,
      "accumulated_score": 123,
      "rider_stage_scores": [
        86
      ]
    }
  },
  {
    "model": "games.stagescoreforparticipantteam",
    "pk": 55,
    "fields": {
      "participant_team": 1,
      "stage": 11,
      "score_for_stage": 19,
      "accumulated_score": 100,
      "rider_stage_scores": [
        91,
        97
      ]
    }
  },
  {
    "model": "games.stagescoreforparticipantteam",
    "pk": 56,
    "fields": {
      "participant_team": 2,
      "stage": 11,
      "score_for_stage": 11,
      "accumulated_score": 150,
      "rider_stage_scores": [
        95,
        97,
        100
      ]
    }
  },
  {
    "model": "games.stagescoreforparticipantteam",
    "pk": 57,
    "fields": {
      "participant_team": 3,
      "stage": 11,
      "score_for_stage": 19,
      "accumulated_score": 148,
      "rider_stage_scores": [
        91,
        97
      ]
    }
  },
  {
    "model": "games.stagescoreforparticipantteam",
    "pk": 58,
    "fields": {
      "participant_team": 4,
      "stage": 11,
      "score_for_stage": 7,
      "accumulated_score": 111,
      "rider_stage_scores": [
        95,
        100
      ]
    }
  },
  {
    "model": "games.stagescoreforparticipantteam",
    "pk": 59,
    "fields": {
      "participant_team": 5,
      "stage": 11,
      "score_for_stage": 13,
      "accumulated_score": 126,
      "rider_stage_scores": [
        95,
        97,
        99,
        100
      ]
    }
  },
  {
    "model": "games.stagescoreforparticipantteam",
    "pk": 60,
    "fields": {
      "participant_team": 6,
      "stage": 11,
      "score_for_stage": 10,
      "accumulated_score": 133,
      "rider_stage_scores": [
        95,
        97
      ]
    }
  },
  {
    "model": "games.stagescoreforparticipantteam",
    "pk": 61,
    "fields": {
      "participant_team": 1,
      "stage": 12,
      "score_for_stage": 4,
      "accumulated_score": 104,
      "rider_stage_scores": [
        107
      ]
    }
  },
  {
    "model": "games.stagescoreforparticipantteam",
    "pk": 62,
    "fields": {
      "participant_team": 2,
      "stage": 12,
      "score_for_stage": 19,
      "accumulated_score": 169,
      "rider_stage_scores": [
        102,
        104
      ]
    }
  },
  {
    "model": "games.stagescoreforparticipantteam",
    "pk": 63,
    "fields": {
      "participant_team": 3,
      "stage": 12,
      "score_for_stage": 12,
      "accumulated_score": 160,
      "rider_stage_scores": [
        102
      ]
    }
  },
  {
    "model": "games.stagescoreforparticipantteam",
    "pk": 64,
    "fields": {
      "participant_team": 4,
      "stage": 12,
      "score_for_stage": 22,
      "accumulated_score": 133,
      "rider_stage_scores": [
        102,
        104,
        108
      ]
    }
  },
  {
    "model": "games.stagescoreforparticipantteam",
    "pk": 65,
    "fields": {
      "participant_team": 5,
      "stage": 12,
      "score_for_stage": 12,
      "accumulated_score": 138,
      "rider_stage_scores": [
        102
      ]
    }
  },
  {
    "model": "games.stagescoreforparticipantteam",
    "pk": 66,
    "fields": {
      "participant_team": 6,
      "stage": 12,
      "score_for_stage": 12,
      "accumulated_score": 145,
      "rider_stage_scores": [
        102
      ]
    }
  },
  {
    "model": "games.stagescoreforparticipantteam",
    "pk": 67,
    "fields": {
      "participant_team": 1,
      "stage": 13,
      "score_for_stage": 13,
      "accumulated_score": 117,
      "rider_stage_scores": [
        113,
        117
      ]
    }
  },
  {
    "model": "games.stagescoreforparticipantteam",
    "pk": 68,
    "fields": {
      "participant_team": 2,
      "stage": 13,
      "score_for_stage": 2,
      "accumulated_score": 171,
      "rider_stage_scores": [
        119
      ]
    }
  },
  {
    "model": "games.stagescoreforparticipantteam",
    "pk": 69,
    "fields": {
      "participant_team": 3,
      "stage": 13,
      "score_for_stage": 9,
      "accumulated_score": 169,
      "rider_stage_scores": [
        116,
        117
      ]
    }
  },
  {
    "model": "games.stagescoreforparticipantteam",
    "pk": 70,
    "fields": {
      "participant_team": 4,
      "stage": 13,
      "score_for_stage": 8,
      "accumulated_score": 141,
      "rider_stage_scores": [
        116,
        118
      ]
    }
  },
  {
    "model": "games.stagescoreforparticipantteam",
    "pk": 71,
    "fields": {
      "participant_team": 5,
      "stage": 13,
      "score_for_stage": 0,
      "accumulated_score": 138,
      "rider_stage_scores": []
    }
  },
  {
    "model": "games.stagescoreforparticipantteam",
    "pk": 72,
    "fields": {
      "participant_team": 6,
      "stage": 13,
      "score_for_stage": 5,
      "accumulated_score": 150,
      "rider_stage_scores": [
        116
      ]
    }
  },
  {
    "model": "games.stagescoreforparticipantteam",
    "pk": 73,
    "fields": {
      "participant_team": 1,
      "stage": 14,
      "score_for_stage": 6,
      "accumulated_score": 123,
      "rider_stage_scores": [
        125
      ]
    }
  },
  {
    "model": "games.stagescoreforparticipantteam",
    "pk": 74,
    "fields": {
      "participant_team": 2,
      "stage": 14,
      "score_for_stage": 8,
      "accumulated_score": 179,
      "rider_stage_scores": [
        125,
        129
      ]
    }
  },
  {
    "model": "games.stagescoreforparticipantteam",
    "pk": 75,
    "fields": {
      "participant_team": 3,
      "stage": 14,
      "score_for_stage": 8,
      "accumulated_score": 177,
      "rider_stage_scores": [
        125,
        129
      ]
    }
  },
  {
    "model": "games.stagescoreforparticipantteam",
    "pk": 76,
    "fields": {
      "participant_team": 4,
      "stage": 14,
      "score_for_stage": 7,
      "accumulated_score": 148,
      "rider_stage_scores": [
        125,
        130
      ]
    }
  },
  {
    "model": "games.stagescoreforparticipantteam",
    "pk": 77,
    "fields": {
      "participant_team": 5,
      "stage": 14,
      "score_for_stage": 2,
      "accumulated_score": 140,
      "rider_stage_scores": [
        129
      ]
    }
  },
  {
    "model": "games.stagescoreforparticipantteam",
    "pk": 78,
    "fields": {
      "participant_team": 6,
      "stage": 14,
      "score_for_stage": 1,
      "accumulated_score": 151,
      "rider_stage_scores": [
        130
      ]
    }
  },
  {
    "model": "games.stagescoreforparticipantteam",
    "pk": 79,
    "fields": {
      "participant_team": 1,
      "stage": 15,
      "score_for_stage": 0,
      "accumulated_score": 123,
      "rider_stage_scores": []
    }
  },
  {
    "model": "games.stagescoreforparticipantteam",
    "pk": 80,
    "fields": {
      "participant_team": 2,
      "stage": 15,
      "score_for_stage": 0,
      "accumulated_score": 179,
      "rider_stage_scores": []
    }
  },
  {
    "model": "games.stagescoreforparticipantteam",
    "pk": 81,
    "fields": {
      "participant_team": 3,
      "stage": 15,
      "score_for_stage": 0,
      "accumulated_score": 177,
      "rider_stage_scores": []
    }
  },
  {
    "model": "games.stagescoreforparticipantteam",
    "pk": 82,
    "fields": {
      "participant_team": 4,
      "stage": 15,
      "score_for_stage": 0,
      "accumulated_score": 148,
      "rider_stage_scores": []
    }
  },
  {
    "model": "games.stagescoreforparticipantteam",
    "pk": 83,
    "fields": {
      "participant_team": 5,
      "stage": 15,
      "score_for_stage": 0,
      "accumulated_score": 140,
      "rider_stage_scores": []
    }
  },
  {
    "model": "games.stagescoreforparticipantteam",
    "pk": 84,
    "fields": {
      "participant_team": 6,
      "stage": 15,
      "score_for_stage": 0,
      "accumulated_score": 151,
      "rider_stage_scores": []
    }
  },
  {
    "model": "users.user",
    "pk": 1,
    "fields": {
      "password": "pbkdf2_sha256$260000$0Jl9bhI36o8943eKq0gxIL$P0qzyxNfHk0uU7IB1z25qJHWeLabK8I0DwxRNReABKY=",
      "last_login": "2023-07-14T08:04:46.488Z",
      "is_superuser": true,
      "email": "stefan.vanderzanden@gmail.com",
      "first_name": "Stefan",
      "last_name": "van der Zanden",
      "is_staff": true,
      "is_active": true,
      "date_joined": "2023-07-14T08:04:27.276Z",
      "groups": [],
      "user_permissions": []
    }
  },
  {
    "model": "users.user",
    "pk": 2,
    "fields": {
      "password": "",
      "last_login": null,
      "is_superuser": false,
      "email": "job.los@oulook.com",
      "first_name": "Job",
      "last_name": "Los",
      "is_staff": false,
      "is_active": true,
      "date_joined": "2023-07-14T18:39:13.110Z",
      "groups": [],
      "user_permissions": []
    }
  },
  {
    "model": "users.user",
    "pk": 3,
    "fields": {
      "password": "",
      "last_login": null,
      "is_superuser": false,
      "email": "tj.devries@amsterdamumc.nl",
      "first_name": "Taco",
      "last_name": "de Vries",
      "is_staff": false,
      "is_active": true,
      "date_joined": "2023-07-14T18:39:33.847Z",
      "groups": [],
      "user_permissions": []
    }
  },
  {
    "model": "users.user",
    "pk": 4,
    "fields": {
      "password": "",
      "last_login": null,
      "is_superuser": false,
      "email": "hein@hvrijn.nl",
      "first_name": "Hein",
      "last_name": "van Rijn",
      "is_staff": false,
      "is_active": true,
      "date_joined": "2023-07-14T18:39:56.415Z",
      "groups": [],
      "user_permissions": []
    }
  },
  {
    "model": "users.user",
    "pk": 5,
    "fields": {
      "password": "",
      "last_login": null,
      "is_superuser": false,
      "email": "tsjalling.tiersma@hotmail.com",
      "first_name": "Tsjalling",
      "last_name": "Tiersma",
      "is_staff": false,
      "is_active": true,
      "date_joined": "2023-07-14T18:40:13.386Z",
      "groups": [],
      "user_permissions": []
    }
  },
  {
    "model": "users.user",
    "pk": 6,
    "fields": {
      "password": "",
      "last_login": null,
      "is_superuser": false,
      "email": "augustdh@gmail.com",
      "first_name": "August",
      "last_name": "den Hollander",
      "is_staff": false,
      "is_active": true,
      "date_joined": "2023-07-14T18:40:36.615Z",
      "groups": [],
      "user_permissions": []
    }
  }
]