[
  {
    "model": "races.round",
    "pk": 1,
    "fields": {
      "start_date": "2023-07-01",
      "end_date": "2023-07-23",
      "type": "tour_de_france"
    }
  },
  {
    "model": "races.rider",
    "pk": 1,
    "fields": {
      "first_name": "Jonas",
      "last_name": "Vingegaard",
      "birth_date": "1996-10-12",
      "country": "DK"
    }
  },
  {
    "model": "races.rider",
    "pk": 2,
    "fields": {
      "first_name": "Tiesj",
      "last_name": "Benoot",
      "birth_date": "1994-03-11",
      "country": "BE"
    }
  },
  {
    "model": "races.rider",
    "pk": 3,
    "fields": {
      "first_name": "Wilco",
      "last_name": "Kelderman",
      "birth_date": "1991-03-25",
      "country": "NL"
    }
  },
  {
    "model": "races.rider",
    "pk": 4,
    "fields": {
      "first_name": "Sepp",
      "last_name": "Kuss",
      "birth_date": "1994-09-13",
      "country": "US"
    }
  },
  {
    "model": "races.rider",
    "pk": 5,
    "fields": {
      "first_name": "Christophe",
      "last_name": "Laporte",
      "birth_date": "1992-12-11",
      "country": "FR"
    }
  },
  {
    "model": "races.rider",
    "pk": 6,
    "fields": {
      "first_name": "Wout",
      "last_name": "van Aert",
      "birth_date": "1994-09-15",
      "country": "BE"
    }
  },
  {
    "model": "races.rider",
    "pk": 7,
    "fields": {
      "first_name": "Dylan",
      "last_name": "van Baarle",
      "birth_date": "1992-05-21",
      "country": "NL"
    }
  },
  {
    "model": "races.rider",
    "pk": 8,
    "fields": {
      "first_name": "Nathan",
      "last_name": "van Hooydonck",
      "birth_date": "1995-10-12",
      "country": "BE"
    }
  },
  {
    "model": "races.rider",
    "pk": 9,
    "fields": {
      "first_name": "Tadej",
      "last_name": "Pogačar",
      "birth_date": "1998-09-21",
      "country": "SI"
    }
  },
  {
    "model": "races.rider",
    "pk": 10,
    "fields": {
      "first_name": "Mikkel",
      "last_name": "Bjerg",
      "birth_date": "1998-11-03",
      "country": "DK"
    }
  },
  {
    "model": "races.rider",
    "pk": 11,
    "fields": {
      "first_name": "Felix",
      "last_name": "Grossschartner",
      "birth_date": "1993-12-23",
      "country": "AT"
    }
  },
  {
    "model": "races.rider",
    "pk": 12,
    "fields": {
      "first_name": "Vegard",
      "last_name": "Stake Laengen",
      "birth_date": "1989-02-07",
      "country": "NO"
    }
  },
  {
    "model": "races.rider",
    "pk": 13,
    "fields": {
      "first_name": "Rafal",
      "last_name": "Majka",
      "birth_date": "1989-09-12",
      "country": "PL"
    }
  },
  {
    "model": "races.rider",
    "pk": 14,
    "fields": {
      "first_name": "Marc",
      "last_name": "Soler",
      "birth_date": "1993-11-22",
      "country": "ES"
    }
  },
  {
    "model": "races.rider",
    "pk": 15,
    "fields": {
      "first_name": "Matteo",
      "last_name": "Trentin",
      "birth_date": "1989-08-02",
      "country": "IT"
    }
  },
  {
    "model": "races.rider",
    "pk": 16,
    "fields": {
      "first_name": "Adam",
      "last_name": "Yates",
      "birth_date": "1992-08-07",
      "country": "GB"
    }
  },
  {
    "model": "races.rider",
    "pk": 17,
    "fields": {
      "first_name": "Egan",
      "last_name": "Bernal",
      "birth_date": "1997-01-13",
      "country": "CO"
    }
  },
  {
    "model": "races.rider",
    "pk": 18,
    "fields": {
      "first_name": "Jonathan",
      "last_name": "Castroviejo",
      "birth_date": "1987-04-27",
      "country": "ES"
    }
  },
  {
    "model": "races.rider",
    "pk": 19,
    "fields": {
      "first_name": "Omar",
      "last_name": "Fraile Matarranz",
      "birth_date": "1990-07-17",
      "country": "ES"
    }
  },
  {
    "model": "races.rider",
    "pk": 20,
    "fields": {
      "first_name": "Michal",
      "last_name": "Kwiatkowski",
      "birth_date": "1990-06-02",
      "country": "PL"
    }
  },
  {
    "model": "races.rider",
    "pk": 21,
    "fields": {
      "first_name": "Daniel",
      "last_name": "Felipe Martinez Poveda",
      "birth_date": "1996-04-25",
      "country": "CO"
    }
  },
  {
    "model": "races.rider",
    "pk": 22,
    "fields": {
      "first_name": "Thomas",
      "last_name": "Pidcock",
      "birth_date": "1999-07-30",
      "country": "GB"
    }
  },
  {
    "model": "races.rider",
    "pk": 23,
    "fields": {
      "first_name": "Carlos",
      "last_name": "Rodriguez Cano",
      "birth_date": "2001-02-02",
      "country": "ES"
    }
  },
  {
    "model": "races.rider",
    "pk": 24,
    "fields": {
      "first_name": "Ben",
      "last_name": "Turner",
      "birth_date": "1999-05-28",
      "country": "GB"
    }
  },
  {
    "model": "races.rider",
    "pk": 25,
    "fields": {
      "first_name": "David",
      "last_name": "Gaudu",
      "birth_date": "1996-10-10",
      "country": "FR"
    }
  },
  {
    "model": "races.rider",
    "pk": 26,
    "fields": {
      "first_name": "Kévin",
      "last_name": "Geniets",
      "birth_date": "1997-01-09",
      "country": "LU"
    }
  },
  {
    "model": "races.rider",
    "pk": 27,
    "fields": {
      "first_name": "Stefan",
      "last_name": "Küng",
      "birth_date": "1993-11-16",
      "country": "CH"
    }
  },
  {
    "model": "races.rider",
    "pk": 28,
    "fields": {
      "first_name": "Olivier",
      "last_name": "Le Gac",
      "birth_date": "1993-08-27",
      "country": "FR"
    }
  },
  {
    "model": "races.rider",
    "pk": 29,
    "fields": {
      "first_name": "Valentin",
      "last_name": "Madouas",
      "birth_date": "1996-07-12",
      "country": "FR"
    }
  },
  {
    "model": "races.rider",
    "pk": 30,
    "fields": {
      "first_name": "Quentin",
      "last_name": "Pacher",
      "birth_date": "1992-01-06",
      "country": "FR"
    }
  },
  {
    "model": "races.rider",
    "pk": 31,
    "fields": {
      "first_name": "Thibaut",
      "last_name": "Pinot",
      "birth_date": "1990-05-29",
      "country": "FR"
    }
  },
  {
    "model": "races.rider",
    "pk": 32,
    "fields": {
      "first_name": "Lars",
      "last_name": "van Den Berg",
      "birth_date": "1998-07-07",
      "country": "NL"
    }
  },
  {
    "model": "races.rider",
    "pk": 33,
    "fields": {
      "first_name": "Richard",
      "last_name": "Carapaz",
      "birth_date": "1993-05-29",
      "country": "EC"
    }
  },
  {
    "model": "races.rider",
    "pk": 34,
    "fields": {
      "first_name": "Andrey",
      "last_name": "Amador",
      "birth_date": "1986-08-29",
      "country": "CR"
    }
  },
  {
    "model": "races.rider",
    "pk": 35,
    "fields": {
      "first_name": "Alberto",
      "last_name": "Bettiol",
      "birth_date": "1993-10-29",
      "country": "IT"
    }
  },
  {
    "model": "races.rider",
    "pk": 36,
    "fields": {
      "first_name": "Jhoan",
      "last_name": "Esteban Chaves",
      "birth_date": "1990-01-17",
      "country": "CO"
    }
  },
  {
    "model": "races.rider",
    "pk": 37,
    "fields": {
      "first_name": "Magnus",
      "last_name": "Cort Nielsen",
      "birth_date": "1993-01-16",
      "country": "DK"
    }
  },
  {
    "model": "races.rider",
    "pk": 38,
    "fields": {
      "first_name": "Neilson",
      "last_name": "Powless",
      "birth_date": "1996-09-03",
      "country": "US"
    }
  },
  {
    "model": "races.rider",
    "pk": 39,
    "fields": {
      "first_name": "James",
      "last_name": "Shaw",
      "birth_date": "1996-06-13",
      "country": "GB"
    }
  },
  {
    "model": "races.rider",
    "pk": 40,
    "fields": {
      "first_name": "Rigoberto",
      "last_name": "Uran",
      "birth_date": "1987-01-26",
      "country": "CO"
    }
  },
  {
    "model": "races.rider",
    "pk": 41,
    "fields": {
      "first_name": "Julian",
      "last_name": "Alaphilippe",
      "birth_date": "1992-06-11",
      "country": "FR"
    }
  },
  {
    "model": "races.rider",
    "pk": 42,
    "fields": {
      "first_name": "Kasper",
      "last_name": "Asgreen",
      "birth_date": "1995-02-08",
      "country": "DK"
    }
  },
  {
    "model": "races.rider",
    "pk": 43,
    "fields": {
      "first_name": "Rémi",
      "last_name": "Cavagna",
      "birth_date": "1995-08-10",
      "country": "FR"
    }
  },
  {
    "model": "races.rider",
    "pk": 44,
    "fields": {
      "first_name": "Tim",
      "last_name": "Declercq",
      "birth_date": "1989-03-21",
      "country": "BE"
    }
  },
  {
    "model": "races.rider",
    "pk": 45,
    "fields": {
      "first_name": "Dries",
      "last_name": "Devenyns",
      "birth_date": "1983-07-22",
      "country": "BE"
    }
  },
  {
    "model": "races.rider",
    "pk": 46,
    "fields": {
      "first_name": "Fabio",
      "last_name": "Jakobsen",
      "birth_date": "1996-08-31",
      "country": "NL"
    }
  },
  {
    "model": "races.rider",
    "pk": 47,
    "fields": {
      "first_name": "Yves",
      "last_name": "Lampaert",
      "birth_date": "1991-04-10",
      "country": "BE"
    }
  },
  {
    "model": "races.rider",
    "pk": 48,
    "fields": {
      "first_name": "Michael",
      "last_name": "Mørkøv",
      "birth_date": "1985-04-30",
      "country": "DK"
    }
  },
  {
    "model": "races.rider",
    "pk": 49,
    "fields": {
      "first_name": "Mikel",
      "last_name": "Landa",
      "birth_date": "1989-12-13",
      "country": "ES"
    }
  },
  {
    "model": "races.rider",
    "pk": 50,
    "fields": {
      "first_name": "Nikias",
      "last_name": "Arndt",
      "birth_date": "1991-11-18",
      "country": "DE"
    }
  },
  {
    "model": "races.rider",
    "pk": 51,
    "fields": {
      "first_name": "Phil",
      "last_name": "Bauhaus",
      "birth_date": "1994-07-08",
      "country": "DE"
    }
  },
  {
    "model": "races.rider",
    "pk": 52,
    "fields": {
      "first_name": "Pello",
      "last_name": "Bilbao Lopez",
      "birth_date": "1990-02-25",
      "country": "ES"
    }
  },
  {
    "model": "races.rider",
    "pk": 53,
    "fields": {
      "first_name": "Jack",
      "last_name": "Haig",
      "birth_date": "1993-09-06",
      "country": "AU"
    }
  },
  {
    "model": "races.rider",
    "pk": 54,
    "fields": {
      "first_name": "Matej",
      "last_name": "Mohoric",
      "birth_date": "1994-10-19",
      "country": "SI"
    }
  },
  {
    "model": "races.rider",
    "pk": 55,
    "fields": {
      "first_name": "Wout",
      "last_name": "Poels",
      "birth_date": "1987-10-01",
      "country": "NL"
    }
  },
  {
    "model": "races.rider",
    "pk": 56,
    "fields": {
      "first_name": "Fred",
      "last_name": "Wright",
      "birth_date": "1999-06-13",
      "country": "GB"
    }
  },
  {
    "model": "races.rider",
    "pk": 57,
    "fields": {
      "first_name": "Jai",
      "last_name": "Hindley",
      "birth_date": "1996-05-05",
      "country": "AU"
    }
  },
  {
    "model": "races.rider",
    "pk": 58,
    "fields": {
      "first_name": "Emanuel",
      "last_name": "Buchmann",
      "birth_date": "1992-11-18",
      "country": "DE"
    }
  },
  {
    "model": "races.rider",
    "pk": 59,
    "fields": {
      "first_name": "Marco",
      "last_name": "Haller",
      "birth_date": "1991-04-01",
      "country": "AT"
    }
  },
  {
    "model": "races.rider",
    "pk": 60,
    "fields": {
      "first_name": "Bob",
      "last_name": "Jungels",
      "birth_date": "1992-09-22",
      "country": "LU"
    }
  },
  {
    "model": "races.rider",
    "pk": 61,
    "fields": {
      "first_name": "Patrick",
      "last_name": "Konrad",
      "birth_date": "1991-10-13",
      "country": "AT"
    }
  },
  {
    "model": "races.rider",
    "pk": 62,
    "fields": {
      "first_name": "Jordi",
      "last_name": "Meeus",
      "birth_date": "1998-07-01",
      "country": "BE"
    }
  },
  {
    "model": "races.rider",
    "pk": 63,
    "fields": {
      "first_name": "Nils",
      "last_name": "Politt",
      "birth_date": "1994-03-06",
      "country": "DE"
    }
  },
  {
    "model": "races.rider",
    "pk": 64,
    "fields": {
      "first_name": "Danny",
      "last_name": "van Poppel",
      "birth_date": "1993-07-26",
      "country": "NL"
    }
  },
  {
    "model": "races.rider",
    "pk": 65,
    "fields": {
      "first_name": "Giulio",
      "last_name": "Ciccone",
      "birth_date": "1994-12-20",
      "country": "IT"
    }
  },
  {
    "model": "races.rider",
    "pk": 66,
    "fields": {
      "first_name": "Tony",
      "last_name": "Gallopin",
      "birth_date": "1988-05-24",
      "country": "FR"
    }
  },
  {
    "model": "races.rider",
    "pk": 67,
    "fields": {
      "first_name": "Skjelmose",
      "last_name": "Mattias Jensen",
      "birth_date": "2000-09-26",
      "country": "DK"
    }
  },
  {
    "model": "races.rider",
    "pk": 68,
    "fields": {
      "first_name": "Alex",
      "last_name": "Kirsch",
      "birth_date": "1992-06-12",
      "country": "LU"
    }
  },
  {
    "model": "races.rider",
    "pk": 69,
    "fields": {
      "first_name": "Juan",
      "last_name": "Pedro Lopez Perez",
      "birth_date": "1997-07-31",
      "country": "ES"
    }
  },
  {
    "model": "races.rider",
    "pk": 70,
    "fields": {
      "first_name": "Mads",
      "last_name": "Pedersen",
      "birth_date": "1995-12-18",
      "country": "DK"
    }
  },
  {
    "model": "races.rider",
    "pk": 71,
    "fields": {
      "first_name": "Quinn",
      "last_name": "Simmons",
      "birth_date": "2001-05-08",
      "country": "US"
    }
  },
  {
    "model": "races.rider",
    "pk": 72,
    "fields": {
      "first_name": "Jasper",
      "last_name": "Stuyven",
      "birth_date": "1992-04-17",
      "country": "BE"
    }
  },
  {
    "model": "races.rider",
    "pk": 73,
    "fields": {
      "first_name": "Ben",
      "last_name": "O'connor",
      "birth_date": "1995-11-25",
      "country": "AU"
    }
  },
  {
    "model": "races.rider",
    "pk": 74,
    "fields": {
      "first_name": "Clément",
      "last_name": "Berthet",
      "birth_date": "1997-08-02",
      "country": "FR"
    }
  },
  {
    "model": "races.rider",
    "pk": 75,
    "fields": {
      "first_name": "Benoit",
      "last_name": "Cosnefroy",
      "birth_date": "1995-10-17",
      "country": "FR"
    }
  },
  {
    "model": "races.rider",
    "pk": 76,
    "fields": {
      "first_name": "Stan",
      "last_name": "Dewulf",
      "birth_date": "1997-12-20",
      "country": "BE"
    }
  },
  {
    "model": "races.rider",
    "pk": 77,
    "fields": {
      "first_name": "Felix",
      "last_name": "Gall",
      "birth_date": "1998-02-27",
      "country": "AT"
    }
  },
  {
    "model": "races.rider",
    "pk": 78,
    "fields": {
      "first_name": "Oliver",
      "last_name": "Naesen",
      "birth_date": "1990-09-16",
      "country": "BE"
    }
  },
  {
    "model": "races.rider",
    "pk": 79,
    "fields": {
      "first_name": "Aurélien",
      "last_name": "Paret Peintre",
      "birth_date": "1996-02-27",
      "country": "FR"
    }
  },
  {
    "model": "races.rider",
    "pk": 80,
    "fields": {
      "first_name": "Nans",
      "last_name": "Peters",
      "birth_date": "1994-03-12",
      "country": "FR"
    }
  },
  {
    "model": "races.rider",
    "pk": 81,
    "fields": {
      "first_name": "Mathieu",
      "last_name": "van der Poel",
      "birth_date": "1995-01-19",
      "country": "NL"
    }
  },
  {
    "model": "races.rider",
    "pk": 82,
    "fields": {
      "first_name": "Silvan",
      "last_name": "Dillier",
      "birth_date": "1990-08-03",
      "country": "CH"
    }
  },
  {
    "model": "races.rider",
    "pk": 83,
    "fields": {
      "first_name": "Michael",
      "last_name": "Gogl",
      "birth_date": "1993-11-04",
      "country": "AT"
    }
  },
  {
    "model": "races.rider",
    "pk": 84,
    "fields": {
      "first_name": "Quinten",
      "last_name": "Hermans",
      "birth_date": "1995-07-29",
      "country": "BE"
    }
  },
  {
    "model": "races.rider",
    "pk": 85,
    "fields": {
      "first_name": "Søren",
      "last_name": "Kragh Andersen",
      "birth_date": "1994-08-10",
      "country": "DK"
    }
  },
  {
    "model": "races.rider",
    "pk": 86,
    "fields": {
      "first_name": "Jasper",
      "last_name": "Philipsen",
      "birth_date": "1998-03-02",
      "country": "BE"
    }
  },
  {
    "model": "races.rider",
    "pk": 87,
    "fields": {
      "first_name": "Jonas",
      "last_name": "Rickaert",
      "birth_date": "1994-02-07",
      "country": "BE"
    }
  },
  {
    "model": "races.rider",
    "pk": 88,
    "fields": {
      "first_name": "Ramon",
      "last_name": "Sinkeldam",
      "birth_date": "1989-02-09",
      "country": "NL"
    }
  },
  {
    "model": "races.rider",
    "pk": 89,
    "fields": {
      "first_name": "Biniam",
      "last_name": "Girmay",
      "birth_date": "2000-04-02",
      "country": "ER"
    }
  },
  {
    "model": "races.rider",
    "pk": 90,
    "fields": {
      "first_name": "Lilian",
      "last_name": "Calmejane",
      "birth_date": "1992-12-06",
      "country": "FR"
    }
  },
  {
    "model": "races.rider",
    "pk": 91,
    "fields": {
      "first_name": "Rui",
      "last_name": "Costa",
      "birth_date": "1986-10-05",
      "country": "PT"
    }
  },
  {
    "model": "races.rider",
    "pk": 92,
    "fields": {
      "first_name": "Louis",
      "last_name": "Meintjes",
      "birth_date": "1992-02-21",
      "country": "ZA"
    }
  },
  {
    "model": "races.rider",
    "pk": 93,
    "fields": {
      "first_name": "Adrien",
      "last_name": "Petit",
      "birth_date": "1990-09-26",
      "country": "FR"
    }
  },
  {
    "model": "races.rider",
    "pk": 94,
    "fields": {
      "first_name": "Dion",
      "last_name": "Smith",
      "birth_date": "1993-03-03",
      "country": "NZ"
    }
  },
  {
    "model": "races.rider",
    "pk": 95,
    "fields": {
      "first_name": "Mike",
      "last_name": "Teunissen",
      "birth_date": "1992-08-25",
      "country": "NL"
    }
  },
  {
    "model": "races.rider",
    "pk": 96,
    "fields": {
      "first_name": "Georg",
      "last_name": "Zimmermann",
      "birth_date": "1997-10-11",
      "country": "DE"
    }
  },
  {
    "model": "races.rider",
    "pk": 97,
    "fields": {
      "first_name": "Guillaume",
      "last_name": "Martin",
      "birth_date": "1993-06-09",
      "country": "FR"
    }
  },
  {
    "model": "races.rider",
    "pk": 98,
    "fields": {
      "first_name": "Bryan",
      "last_name": "Coquard",
      "birth_date": "1992-04-25",
      "country": "FR"
    }
  },
  {
    "model": "races.rider",
    "pk": 99,
    "fields": {
      "first_name": "Simon",
      "last_name": "Geschke",
      "birth_date": "1986-03-13",
      "country": "DE"
    }
  },
  {
    "model": "races.rider",
    "pk": 100,
    "fields": {
      "first_name": "Ion",
      "last_name": "Izagirre Insausti",
      "birth_date": "1989-02-04",
      "country": "ES"
    }
  },
  {
    "model": "races.rider",
    "pk": 101,
    "fields": {
      "first_name": "Victor",
      "last_name": "Lafay",
      "birth_date": "1996-01-17",
      "country": "FR"
    }
  },
  {
    "model": "races.rider",
    "pk": 102,
    "fields": {
      "first_name": "Anthony",
      "last_name": "Perez",
      "birth_date": "1991-04-22",
      "country": "FR"
    }
  },
  {
    "model": "races.rider",
    "pk": 103,
    "fields": {
      "first_name": "Alexis",
      "last_name": "Renard",
      "birth_date": "1999-06-01",
      "country": "FR"
    }
  },
  {
    "model": "races.rider",
    "pk": 104,
    "fields": {
      "first_name": "Axel",
      "last_name": "Zingle",
      "birth_date": "1998-12-18",
      "country": "FR"
    }
  },
  {
    "model": "races.rider",
    "pk": 105,
    "fields": {
      "first_name": "Enric",
      "last_name": "Mas",
      "birth_date": "1995-01-07",
      "country": "ES"
    }
  },
  {
    "model": "races.rider",
    "pk": 106,
    "fields": {
      "first_name": "Ruben",
      "last_name": "Almeida Guerreiro",
      "birth_date": "1994-07-06",
      "country": "PT"
    }
  },
  {
    "model": "races.rider",
    "pk": 107,
    "fields": {
      "first_name": "Alex",
      "last_name": "Aranburu Deba",
      "birth_date": "1995-09-19",
      "country": "ES"
    }
  },
  {
    "model": "races.rider",
    "pk": 108,
    "fields": {
      "first_name": "Gorka",
      "last_name": "Izagirre Insausti",
      "birth_date": "1987-10-07",
      "country": "ES"
    }
  },
  {
    "model": "races.rider",
    "pk": 109,
    "fields": {
      "first_name": "Matteo",
      "last_name": "Jorgenson",
      "birth_date": "1999-07-01",
      "country": "US"
    }
  },
  {
    "model": "races.rider",
    "pk": 110,
    "fields": {
      "first_name": "Gregor",
      "last_name": "Mühlberger",
      "birth_date": "1994-04-04",
      "country": "AT"
    }
  },
  {
    "model": "races.rider",
    "pk": 111,
    "fields": {
      "first_name": "Nelson",
      "last_name": "Oliveira",
      "birth_date": "1989-03-06",
      "country": "PT"
    }
  },
  {
    "model": "races.rider",
    "pk": 112,
    "fields": {
      "first_name": "Antonio",
      "last_name": "Pedrero",
      "birth_date": "1991-10-23",
      "country": "ES"
    }
  },
  {
    "model": "races.rider",
    "pk": 113,
    "fields": {
      "first_name": "Romain",
      "last_name": "Bardet",
      "birth_date": "1990-11-09",
      "country": "FR"
    }
  },
  {
    "model": "races.rider",
    "pk": 114,
    "fields": {
      "first_name": "John",
      "last_name": "Degenkolb",
      "birth_date": "1989-01-07",
      "country": "DE"
    }
  },
  {
    "model": "races.rider",
    "pk": 115,
    "fields": {
      "first_name": "Matthew",
      "last_name": "Dinham",
      "birth_date": "2000-04-09",
      "country": "AU"
    }
  },
  {
    "model": "races.rider",
    "pk": 116,
    "fields": {
      "first_name": "Alexander",
      "last_name": "Edmondson",
      "birth_date": "1993-12-22",
      "country": "AU"
    }
  },
  {
    "model": "races.rider",
    "pk": 117,
    "fields": {
      "first_name": "Nils",
      "last_name": "Eekhoff",
      "birth_date": "1998-01-23",
      "country": "NL"
    }
  },
  {
    "model": "races.rider",
    "pk": 118,
    "fields": {
      "first_name": "Christopher",
      "last_name": "Hamilton",
      "birth_date": "1995-05-18",
      "country": "AU"
    }
  },
  {
    "model": "races.rider",
    "pk": 119,
    "fields": {
      "first_name": "Kevin",
      "last_name": "Vermaerke",
      "birth_date": "2000-10-16",
      "country": "US"
    }
  },
  {
    "model": "races.rider",
    "pk": 120,
    "fields": {
      "first_name": "Sam",
      "last_name": "Welsford",
      "birth_date": "1996-01-19",
      "country": "AU"
    }
  },
  {
    "model": "races.rider",
    "pk": 121,
    "fields": {
      "first_name": "Michael",
      "last_name": "Woods",
      "birth_date": "1986-10-12",
      "country": "CA"
    }
  },
  {
    "model": "races.rider",
    "pk": 122,
    "fields": {
      "first_name": "Guillaume",
      "last_name": "Boivin",
      "birth_date": "1989-05-25",
      "country": "CA"
    }
  },
  {
    "model": "races.rider",
    "pk": 123,
    "fields": {
      "first_name": "Simon",
      "last_name": "Clarke",
      "birth_date": "1986-07-18",
      "country": "AU"
    }
  },
  {
    "model": "races.rider",
    "pk": 124,
    "fields": {
      "first_name": "Hugo",
      "last_name": "Houle",
      "birth_date": "1990-09-27",
      "country": "CA"
    }
  },
  {
    "model": "races.rider",
    "pk": 125,
    "fields": {
      "first_name": "Krists",
      "last_name": "Neilands",
      "birth_date": "1994-08-18",
      "country": "LV"
    }
  },
  {
    "model": "races.rider",
    "pk": 126,
    "fields": {
      "first_name": "Nicholas",
      "last_name": "Schultz",
      "birth_date": "1994-09-13",
      "country": "AU"
    }
  },
  {
    "model": "races.rider",
    "pk": 127,
    "fields": {
      "first_name": "Corbin",
      "last_name": "Strong",
      "birth_date": "2000-04-30",
      "country": "NZ"
    }
  },
  {
    "model": "races.rider",
    "pk": 128,
    "fields": {
      "first_name": "Dylan",
      "last_name": "Teuns",
      "birth_date": "1992-03-01",
      "country": "BE"
    }
  },
  {
    "model": "races.rider",
    "pk": 129,
    "fields": {
      "first_name": "Simon",
      "last_name": "Yates",
      "birth_date": "1992-08-07",
      "country": "GB"
    }
  },
  {
    "model": "races.rider",
    "pk": 130,
    "fields": {
      "first_name": "G",
      "last_name": "Lawson Craddock",
      "birth_date": "1992-02-20",
      "country": "US"
    }
  },
  {
    "model": "races.rider",
    "pk": 131,
    "fields": {
      "first_name": "Luke",
      "last_name": "Durbridge",
      "birth_date": "1991-04-09",
      "country": "AU"
    }
  },
  {
    "model": "races.rider",
    "pk": 132,
    "fields": {
      "first_name": "Dylan",
      "last_name": "Groenewegen",
      "birth_date": "1993-06-21",
      "country": "NL"
    }
  },
  {
    "model": "races.rider",
    "pk": 133,
    "fields": {
      "first_name": "Chris",
      "last_name": "Harper",
      "birth_date": "1994-11-23",
      "country": "AU"
    }
  },
  {
    "model": "races.rider",
    "pk": 134,
    "fields": {
      "first_name": "Juul",
      "last_name": "Christopher Jensen",
      "birth_date": "1989-07-06",
      "country": "DK"
    }
  },
  {
    "model": "races.rider",
    "pk": 135,
    "fields": {
      "first_name": "Luka",
      "last_name": "Mezgec",
      "birth_date": "1988-06-27",
      "country": "SI"
    }
  },
  {
    "model": "races.rider",
    "pk": 136,
    "fields": {
      "first_name": "Elmar",
      "last_name": "Reinders",
      "birth_date": "1992-03-14",
      "country": "NL"
    }
  },
  {
    "model": "races.rider",
    "pk": 137,
    "fields": {
      "first_name": "Warren",
      "last_name": "Barguil",
      "birth_date": "1991-10-28",
      "country": "FR"
    }
  },
  {
    "model": "races.rider",
    "pk": 138,
    "fields": {
      "first_name": "Jenthe",
      "last_name": "Biermans",
      "birth_date": "1995-10-30",
      "country": "BE"
    }
  },
  {
    "model": "races.rider",
    "pk": 139,
    "fields": {
      "first_name": "Clément",
      "last_name": "Champoussin",
      "birth_date": "1998-05-29",
      "country": "FR"
    }
  },
  {
    "model": "races.rider",
    "pk": 140,
    "fields": {
      "first_name": "Anthony",
      "last_name": "Delaplace",
      "birth_date": "1989-09-11",
      "country": "FR"
    }
  },
  {
    "model": "races.rider",
    "pk": 141,
    "fields": {
      "first_name": "Simon",
      "last_name": "Guglielmi",
      "birth_date": "1997-07-01",
      "country": "FR"
    }
  },
  {
    "model": "races.rider",
    "pk": 142,
    "fields": {
      "first_name": "Matis",
      "last_name": "Louvel",
      "birth_date": "1999-07-19",
      "country": "FR"
    }
  },
  {
    "model": "races.rider",
    "pk": 143,
    "fields": {
      "first_name": "Luca",
      "last_name": "Mozzato",
      "birth_date": "1998-02-15",
      "country": "IT"
    }
  },
  {
    "model": "races.rider",
    "pk": 144,
    "fields": {
      "first_name": "Laurent",
      "last_name": "Pichon",
      "birth_date": "1986-07-19",
      "country": "FR"
    }
  },
  {
    "model": "races.rider",
    "pk": 145,
    "fields": {
      "first_name": "Caleb",
      "last_name": "Ewan",
      "birth_date": "1994-07-11",
      "country": "AU"
    }
  },
  {
    "model": "races.rider",
    "pk": 146,
    "fields": {
      "first_name": "Victor",
      "last_name": "Campenaerts",
      "birth_date": "1991-10-28",
      "country": "BE"
    }
  },
  {
    "model": "races.rider",
    "pk": 147,
    "fields": {
      "first_name": "Jasper",
      "last_name": "de Buyst",
      "birth_date": "1993-11-24",
      "country": "BE"
    }
  },
  {
    "model": "races.rider",
    "pk": 148,
    "fields": {
      "first_name": "Pascal",
      "last_name": "Eenkhoorn",
      "birth_date": "1997-02-08",
      "country": "NL"
    }
  },
  {
    "model": "races.rider",
    "pk": 149,
    "fields": {
      "first_name": "Frederik",
      "last_name": "Frison",
      "birth_date": "1992-07-28",
      "country": "BE"
    }
  },
  {
    "model": "races.rider",
    "pk": 150,
    "fields": {
      "first_name": "Jacopo",
      "last_name": "Guarnieri",
      "birth_date": "1987-08-14",
      "country": "IT"
    }
  },
  {
    "model": "races.rider",
    "pk": 151,
    "fields": {
      "first_name": "Maxim",
      "last_name": "van Gils",
      "birth_date": "1999-11-25",
      "country": "BE"
    }
  },
  {
    "model": "races.rider",
    "pk": 152,
    "fields": {
      "first_name": "Florian",
      "last_name": "Vermeersch",
      "birth_date": "1999-03-12",
      "country": "BE"
    }
  },
  {
    "model": "races.rider",
    "pk": 153,
    "fields": {
      "first_name": "Mark",
      "last_name": "Cavendish",
      "birth_date": "1985-05-21",
      "country": "GB"
    }
  },
  {
    "model": "races.rider",
    "pk": 154,
    "fields": {
      "first_name": "Cees",
      "last_name": "Bol",
      "birth_date": "1995-07-27",
      "country": "NL"
    }
  },
  {
    "model": "races.rider",
    "pk": 155,
    "fields": {
      "first_name": "David",
      "last_name": "de La Cruz",
      "birth_date": "1989-05-06",
      "country": "ES"
    }
  },
  {
    "model": "races.rider",
    "pk": 156,
    "fields": {
      "first_name": "Yevgeniy",
      "last_name": "Fedorov",
      "birth_date": "2000-02-16",
      "country": "KZ"
    }
  },
  {
    "model": "races.rider",
    "pk": 157,
    "fields": {
      "first_name": "Alexey",
      "last_name": "Lutsenko",
      "birth_date": "1992-09-07",
      "country": "KZ"
    }
  },
  {
    "model": "races.rider",
    "pk": 158,
    "fields": {
      "first_name": "Gianni",
      "last_name": "Moscon",
      "birth_date": "1994-04-20",
      "country": "IT"
    }
  },
  {
    "model": "races.rider",
    "pk": 159,
    "fields": {
      "first_name": "Luis",
      "last_name": "Leon Sanchez",
      "birth_date": "1983-11-24",
      "country": "ES"
    }
  },
  {
    "model": "races.rider",
    "pk": 160,
    "fields": {
      "first_name": "Harold",
      "last_name": "Alfonso Tejada Canacue",
      "birth_date": "1997-04-27",
      "country": "CO"
    }
  },
  {
    "model": "races.rider",
    "pk": 161,
    "fields": {
      "first_name": "Alexander",
      "last_name": "Kristoff",
      "birth_date": "1987-07-05",
      "country": "NO"
    }
  },
  {
    "model": "races.rider",
    "pk": 162,
    "fields": {
      "first_name": "Jonas",
      "last_name": "Abrahamsen",
      "birth_date": "1995-09-20",
      "country": "NO"
    }
  },
  {
    "model": "races.rider",
    "pk": 163,
    "fields": {
      "first_name": "Anthon",
      "last_name": "Charmig",
      "birth_date": "1998-03-25",
      "country": "DK"
    }
  },
  {
    "model": "races.rider",
    "pk": 164,
    "fields": {
      "first_name": "Tobias",
      "last_name": "Halland Johannessen",
      "birth_date": "1999-08-23",
      "country": "NO"
    }
  },
  {
    "model": "races.rider",
    "pk": 165,
    "fields": {
      "first_name": "Rasmus",
      "last_name": "Tiller",
      "birth_date": "1996-07-28",
      "country": "NO"
    }
  },
  {
    "model": "races.rider",
    "pk": 166,
    "fields": {
      "first_name": "Torstein",
      "last_name": "Træen",
      "birth_date": "1995-07-16",
      "country": "NO"
    }
  },
  {
    "model": "races.rider",
    "pk": 167,
    "fields": {
      "first_name": "Søren",
      "last_name": "Wærenskjold",
      "birth_date": "2000-03-12",
      "country": "NO"
    }
  },
  {
    "model": "races.rider",
    "pk": 168,
    "fields": {
      "first_name": "Gregaard",
      "last_name": "Jonas Wilsly",
      "birth_date": "1996-07-30",
      "country": "DK"
    }
  },
  {
    "model": "races.rider",
    "pk": 169,
    "fields": {
      "first_name": "Peter",
      "last_name": "Sagan",
      "birth_date": "1990-01-26",
      "country": "SK"
    }
  },
  {
    "model": "races.rider",
    "pk": 170,
    "fields": {
      "first_name": "Edvald",
      "last_name": "Boasson-hagen",
      "birth_date": "1987-05-17",
      "country": "NO"
    }
  },
  {
    "model": "races.rider",
    "pk": 171,
    "fields": {
      "first_name": "Mathieu",
      "last_name": "Burgaudeau",
      "birth_date": "1998-11-17",
      "country": "FR"
    }
  },
  {
    "model": "races.rider",
    "pk": 172,
    "fields": {
      "first_name": "Steff",
      "last_name": "Cras",
      "birth_date": "1996-02-13",
      "country": "BE"
    }
  },
  {
    "model": "races.rider",
    "pk": 173,
    "fields": {
      "first_name": "Valentin",
      "last_name": "Ferron",
      "birth_date": "1998-02-08",
      "country": "FR"
    }
  },
  {
    "model": "races.rider",
    "pk": 174,
    "fields": {
      "first_name": "Pierre",
      "last_name": "Latour",
      "birth_date": "1993-10-12",
      "country": "FR"
    }
  },
  {
    "model": "races.rider",
    "pk": 175,
    "fields": {
      "first_name": "Daniel",
      "last_name": "Oss",
      "birth_date": "1987-01-13",
      "country": "IT"
    }
  },
  {
    "model": "races.rider",
    "pk": 176,
    "fields": {
      "first_name": "Anthony",
      "last_name": "Turgis",
      "birth_date": "1994-05-16",
      "country": "FR"
    }
  },
  {
    "model": "races.riderforteam",
    "pk": 1,
    "fields": {
      "team_leader": true,
      "number": 1,
      "team": 1,
      "rider": 1,
      "sprint_quality": 1,
      "climb_quality": 1,
      "attack_quality": 1,
      "is_active": true
    }
  },
  {
    "model": "races.riderforteam",
    "pk": 2,
    "fields": {
      "team_leader": false,
      "number": 2,
      "team": 1,
      "rider": 2,
      "sprint_quality": 1,
      "climb_quality": 1,
      "attack_quality": 1,
      "is_active": true
    }
  },
  {
    "model": "races.riderforteam",
    "pk": 3,
    "fields": {
      "team_leader": false,
      "number": 3,
      "team": 1,
      "rider": 3,
      "sprint_quality": 1,
      "climb_quality": 1,
      "attack_quality": 1,
      "is_active": true
    }
  },
  {
    "model": "races.riderforteam",
    "pk": 4,
    "fields": {
      "team_leader": false,
      "number": 4,
      "team": 1,
      "rider": 4,
      "sprint_quality": 1,
      "climb_quality": 1,
      "attack_quality": 1,
      "is_active": true
    }
  },
  {
    "model": "races.riderforteam",
    "pk": 5,
    "fields": {
      "team_leader": false,
      "number": 5,
      "team": 1,
      "rider": 5,
      "sprint_quality": 1,
      "climb_quality": 1,
      "attack_quality": 1,
      "is_active": true
    }
  },
  {
    "model": "races.riderforteam",
    "pk": 6,
    "fields": {
      "team_leader": false,
      "number": 6,
      "team": 1,
      "rider": 6,
      "sprint_quality": 1,
      "climb_quality": 1,
      "attack_quality": 1,
      "is_active": true
    }
  },
  {
    "model": "races.riderforteam",
    "pk": 7,
    "fields": {
      "team_leader": false,
      "number": 7,
      "team": 1,
      "rider": 7,
      "sprint_quality": 1,
      "climb_quality": 1,
      "attack_quality": 1,
      "is_active": true
    }
  },
  {
    "model": "races.riderforteam",
    "pk": 8,
    "fields": {
      "team_leader": false,
      "number": 8,
      "team": 1,
      "rider": 8,
      "sprint_quality": 1,
      "climb_quality": 1,
      "attack_quality": 1,
      "is_active": true
    }
  },
  {
    "model": "races.riderforteam",
    "pk": 9,
    "fields": {
      "team_leader": true,
      "number": 11,
      "team": 2,
      "rider": 9,
      "sprint_quality": 1,
      "climb_quality": 1,
      "attack_quality": 1,
      "is_active": true
    }
  },
  {
    "model": "races.riderforteam",
    "pk": 10,
    "fields": {
      "team_leader": false,
      "number": 12,
      "team": 2,
      "rider": 10,
      "sprint_quality": 1,
      "climb_quality": 1,
      "attack_quality": 1,
      "is_active": true
    }
  },
  {
    "model": "races.riderforteam",
    "pk": 11,
    "fields": {
      "team_leader": false,
      "number": 14,
      "team": 2,
      "rider": 11,
      "sprint_quality": 1,
      "climb_quality": 1,
      "attack_quality": 1,
      "is_active": true
    }
  },
  {
    "model": "races.riderforteam",
    "pk": 12,
    "fields": {
      "team_leader": false,
      "number": 15,
      "team": 2,
      "rider": 12,
      "sprint_quality": 1,
      "climb_quality": 1,
      "attack_quality": 1,
      "is_active": true
    }
  },
  {
    "model": "races.riderforteam",
    "pk": 13,
    "fields": {
      "team_leader": false,
      "number": 16,
      "team": 2,
      "rider": 13,
      "sprint_quality": 1,
      "climb_quality": 1,
      "attack_quality": 1,
      "is_active": true
    }
  },
  {
    "model": "races.riderforteam",
    "pk": 14,
    "fields": {
      "team_leader": false,
      "number": 17,
      "team": 2,
      "rider": 14,
      "sprint_quality": 1,
      "climb_quality": 1,
      "attack_quality": 1,
      "is_active": true
    }
  },
  {
    "model": "races.riderforteam",
    "pk": 15,
    "fields": {
      "team_leader": false,
      "number": 18,
      "team": 2,
      "rider": 15,
      "sprint_quality": 1,
      "climb_quality": 1,
      "attack_quality": 1,
      "is_active": true
    }
  },
  {
    "model": "races.riderforteam",
    "pk": 16,
    "fields": {
      "team_leader": false,
      "number": 19,
      "team": 2,
      "rider": 16,
      "sprint_quality": 1,
      "climb_quality": 1,
      "attack_quality": 1,
      "is_active": true
    }
  },
  {
    "model": "races.riderforteam",
    "pk": 17,
    "fields": {
      "team_leader": true,
      "number": 21,
      "team": 3,
      "rider": 17,
      "sprint_quality": 1,
      "climb_quality": 1,
      "attack_quality": 1,
      "is_active": true
    }
  },
  {
    "model": "races.riderforteam",
    "pk": 18,
    "fields": {
      "team_leader": false,
      "number": 22,
      "team": 3,
      "rider": 18,
      "sprint_quality": 1,
      "climb_quality": 1,
      "attack_quality": 1,
      "is_active": true
    }
  },
  {
    "model": "races.riderforteam",
    "pk": 19,
    "fields": {
      "team_leader": false,
      "number": 23,
      "team": 3,
      "rider": 19,
      "sprint_quality": 1,
      "climb_quality": 1,
      "attack_quality": 1,
      "is_active": true
    }
  },
  {
    "model": "races.riderforteam",
    "pk": 20,
    "fields": {
      "team_leader": false,
      "number": 24,
      "team": 3,
      "rider": 20,
      "sprint_quality": 1,
      "climb_quality": 1,
      "attack_quality": 1,
      "is_active": true
    }
  },
  {
    "model": "races.riderforteam",
    "pk": 21,
    "fields": {
      "team_leader": false,
      "number": 25,
      "team": 3,
      "rider": 21,
      "sprint_quality": 1,
      "climb_quality": 1,
      "attack_quality": 1,
      "is_active": true
    }
  },
  {
    "model": "races.riderforteam",
    "pk": 22,
    "fields": {
      "team_leader": false,
      "number": 26,
      "team": 3,
      "rider": 22,
      "sprint_quality": 1,
      "climb_quality": 1,
      "attack_quality": 1,
      "is_active": true
    }
  },
  {
    "model": "races.riderforteam",
    "pk": 23,
    "fields": {
      "team_leader": false,
      "number": 27,
      "team": 3,
      "rider": 23,
      "sprint_quality": 1,
      "climb_quality": 1,
      "attack_quality": 1,
      "is_active": true
    }
  },
  {
    "model": "races.riderforteam",
    "pk": 24,
    "fields": {
      "team_leader": false,
      "number": 28,
      "team": 3,
      "rider": 24,
      "sprint_quality": 1,
      "climb_quality": 1,
      "attack_quality": 1,
      "is_active": true
    }
  },
  {
    "model": "races.riderforteam",
    "pk": 25,
    "fields": {
      "team_leader": true,
      "number": 31,
      "team": 4,
      "rider": 25,
      "sprint_quality": 1,
      "climb_quality": 1,
      "attack_quality": 1,
      "is_active": true
    }
  },
  {
    "model": "races.riderforteam",
    "pk": 26,
    "fields": {
      "team_leader": false,
      "number": 32,
      "team": 4,
      "rider": 26,
      "sprint_quality": 1,
      "climb_quality": 1,
      "attack_quality": 1,
      "is_active": true
    }
  },
  {
    "model": "races.riderforteam",
    "pk": 27,
    "fields": {
      "team_leader": false,
      "number": 33,
      "team": 4,
      "rider": 27,
      "sprint_quality": 1,
      "climb_quality": 1,
      "attack_quality": 1,
      "is_active": true
    }
  },
  {
    "model": "races.riderforteam",
    "pk": 28,
    "fields": {
      "team_leader": false,
      "number": 34,
      "team": 4,
      "rider": 28,
      "sprint_quality": 1,
      "climb_quality": 1,
      "attack_quality": 1,
      "is_active": true
    }
  },
  {
    "model": "races.riderforteam",
    "pk": 29,
    "fields": {
      "team_leader": false,
      "number": 35,
      "team": 4,
      "rider": 29,
      "sprint_quality": 1,
      "climb_quality": 1,
      "attack_quality": 1,
      "is_active": true
    }
  },
  {
    "model": "races.riderforteam",
    "pk": 30,
    "fields": {
      "team_leader": false,
      "number": 36,
      "team": 4,
      "rider": 30,
      "sprint_quality": 1,
      "climb_quality": 1,
      "attack_quality": 1,
      "is_active": true
    }
  },
  {
    "model": "races.riderforteam",
    "pk": 31,
    "fields": {
      "team_leader": false,
      "number": 37,
      "team": 4,
      "rider": 31,
      "sprint_quality": 1,
      "climb_quality": 1,
      "attack_quality": 1,
      "is_active": true
    }
  },
  {
    "model": "races.riderforteam",
    "pk": 32,
    "fields": {
      "team_leader": false,
      "number": 38,
      "team": 4,
      "rider": 32,
      "sprint_quality": 1,
      "climb_quality": 1,
      "attack_quality": 1,
      "is_active": true
    }
  },
  {
    "model": "races.riderforteam",
    "pk": 33,
    "fields": {
      "team_leader": true,
      "number": 41,
      "team": 5,
      "rider": 33,
      "sprint_quality": 1,
      "climb_quality": 1,
      "attack_quality": 1,
      "is_active": true
    }
  },
  {
    "model": "races.riderforteam",
    "pk": 34,
    "fields": {
      "team_leader": false,
      "number": 42,
      "team": 5,
      "rider": 34,
      "sprint_quality": 1,
      "climb_quality": 1,
      "attack_quality": 1,
      "is_active": true
    }
  },
  {
    "model": "races.riderforteam",
    "pk": 35,
    "fields": {
      "team_leader": false,
      "number": 43,
      "team": 5,
      "rider": 35,
      "sprint_quality": 1,
      "climb_quality": 1,
      "attack_quality": 1,
      "is_active": true
    }
  },
  {
    "model": "races.riderforteam",
    "pk": 36,
    "fields": {
      "team_leader": false,
      "number": 44,
      "team": 5,
      "rider": 36,
      "sprint_quality": 1,
      "climb_quality": 1,
      "attack_quality": 1,
      "is_active": true
    }
  },
  {
    "model": "races.riderforteam",
    "pk": 37,
    "fields": {
      "team_leader": false,
      "number": 45,
      "team": 5,
      "rider": 37,
      "sprint_quality": 1,
      "climb_quality": 1,
      "attack_quality": 1,
      "is_active": true
    }
  },
  {
    "model": "races.riderforteam",
    "pk": 38,
    "fields": {
      "team_leader": false,
      "number": 46,
      "team": 5,
      "rider": 38,
      "sprint_quality": 1,
      "climb_quality": 1,
      "attack_quality": 1,
      "is_active": true
    }
  },
  {
    "model": "races.riderforteam",
    "pk": 39,
    "fields": {
      "team_leader": false,
      "number": 47,
      "team": 5,
      "rider": 39,
      "sprint_quality": 1,
      "climb_quality": 1,
      "attack_quality": 1,
      "is_active": true
    }
  },
  {
    "model": "races.riderforteam",
    "pk": 40,
    "fields": {
      "team_leader": false,
      "number": 48,
      "team": 5,
      "rider": 40,
      "sprint_quality": 1,
      "climb_quality": 1,
      "attack_quality": 1,
      "is_active": true
    }
  },
  {
    "model": "races.riderforteam",
    "pk": 41,
    "fields": {
      "team_leader": true,
      "number": 51,
      "team": 6,
      "rider": 41,
      "sprint_quality": 1,
      "climb_quality": 1,
      "attack_quality": 1,
      "is_active": true
    }
  },
  {
    "model": "races.riderforteam",
    "pk": 42,
    "fields": {
      "team_leader": false,
      "number": 52,
      "team": 6,
      "rider": 42,
      "sprint_quality": 1,
      "climb_quality": 1,
      "attack_quality": 1,
      "is_active": true
    }
  },
  {
    "model": "races.riderforteam",
    "pk": 43,
    "fields": {
      "team_leader": false,
      "number": 53,
      "team": 6,
      "rider": 43,
      "sprint_quality": 1,
      "climb_quality": 1,
      "attack_quality": 1,
      "is_active": true
    }
  },
  {
    "model": "races.riderforteam",
    "pk": 44,
    "fields": {
      "team_leader": false,
      "number": 54,
      "team": 6,
      "rider": 44,
      "sprint_quality": 1,
      "climb_quality": 1,
      "attack_quality": 1,
      "is_active": true
    }
  },
  {
    "model": "races.riderforteam",
    "pk": 45,
    "fields": {
      "team_leader": false,
      "number": 55,
      "team": 6,
      "rider": 45,
      "sprint_quality": 1,
      "climb_quality": 1,
      "attack_quality": 1,
      "is_active": true
    }
  },
  {
    "model": "races.riderforteam",
    "pk": 46,
    "fields": {
      "team_leader": false,
      "number": 56,
      "team": 6,
      "rider": 46,
      "sprint_quality": 1,
      "climb_quality": 1,
      "attack_quality": 1,
      "is_active": true
    }
  },
  {
    "model": "races.riderforteam",
    "pk": 47,
    "fields": {
      "team_leader": false,
      "number": 57,
      "team": 6,
      "rider": 47,
      "sprint_quality": 1,
      "climb_quality": 1,
      "attack_quality": 1,
      "is_active": true
    }
  },
  {
    "model": "races.riderforteam",
    "pk": 48,
    "fields": {
      "team_leader": false,
      "number": 58,
      "team": 6,
      "rider": 48,
      "sprint_quality": 1,
      "climb_quality": 1,
      "attack_quality": 1,
      "is_active": true
    }
  },
  {
    "model": "races.riderforteam",
    "pk": 49,
    "fields": {
      "team_leader": true,
      "number": 62,
      "team": 7,
      "rider": 49,
      "sprint_quality": 1,
      "climb_quality": 1,
      "attack_quality": 1,
      "is_active": true
    }
  },
  {
    "model": "races.riderforteam",
    "pk": 50,
    "fields": {
      "team_leader": false,
      "number": 63,
      "team": 7,
      "rider": 50,
      "sprint_quality": 1,
      "climb_quality": 1,
      "attack_quality": 1,
      "is_active": true
    }
  },
  {
    "model": "races.riderforteam",
    "pk": 51,
    "fields": {
      "team_leader": false,
      "number": 64,
      "team": 7,
      "rider": 51,
      "sprint_quality": 1,
      "climb_quality": 1,
      "attack_quality": 1,
      "is_active": true
    }
  },
  {
    "model": "races.riderforteam",
    "pk": 52,
    "fields": {
      "team_leader": false,
      "number": 65,
      "team": 7,
      "rider": 52,
      "sprint_quality": 1,
      "climb_quality": 1,
      "attack_quality": 1,
      "is_active": true
    }
  },
  {
    "model": "races.riderforteam",
    "pk": 53,
    "fields": {
      "team_leader": false,
      "number": 66,
      "team": 7,
      "rider": 53,
      "sprint_quality": 1,
      "climb_quality": 1,
      "attack_quality": 1,
      "is_active": true
    }
  },
  {
    "model": "races.riderforteam",
    "pk": 54,
    "fields": {
      "team_leader": false,
      "number": 67,
      "team": 7,
      "rider": 54,
      "sprint_quality": 1,
      "climb_quality": 1,
      "attack_quality": 1,
      "is_active": true
    }
  },
  {
    "model": "races.riderforteam",
    "pk": 55,
    "fields": {
      "team_leader": false,
      "number": 68,
      "team": 7,
      "rider": 55,
      "sprint_quality": 1,
      "climb_quality": 1,
      "attack_quality": 1,
      "is_active": true
    }
  },
  {
    "model": "races.riderforteam",
    "pk": 56,
    "fields": {
      "team_leader": false,
      "number": 69,
      "team": 7,
      "rider": 56,
      "sprint_quality": 1,
      "climb_quality": 1,
      "attack_quality": 1,
      "is_active": true
    }
  },
  {
    "model": "races.riderforteam",
    "pk": 57,
    "fields": {
      "team_leader": true,
      "number": 71,
      "team": 8,
      "rider": 57,
      "sprint_quality": 1,
      "climb_quality": 1,
      "attack_quality": 1,
      "is_active": true
    }
  },
  {
    "model": "races.riderforteam",
    "pk": 58,
    "fields": {
      "team_leader": false,
      "number": 72,
      "team": 8,
      "rider": 58,
      "sprint_quality": 1,
      "climb_quality": 1,
      "attack_quality": 1,
      "is_active": true
    }
  },
  {
    "model": "races.riderforteam",
    "pk": 59,
    "fields": {
      "team_leader": false,
      "number": 73,
      "team": 8,
      "rider": 59,
      "sprint_quality": 1,
      "climb_quality": 1,
      "attack_quality": 1,
      "is_active": true
    }
  },
  {
    "model": "races.riderforteam",
    "pk": 60,
    "fields": {
      "team_leader": false,
      "number": 74,
      "team": 8,
      "rider": 60,
      "sprint_quality": 1,
      "climb_quality": 1,
      "attack_quality": 1,
      "is_active": true
    }
  },
  {
    "model": "races.riderforteam",
    "pk": 61,
    "fields": {
      "team_leader": false,
      "number": 75,
      "team": 8,
      "rider": 61,
      "sprint_quality": 1,
      "climb_quality": 1,
      "attack_quality": 1,
      "is_active": true
    }
  },
  {
    "model": "races.riderforteam",
    "pk": 62,
    "fields": {
      "team_leader": false,
      "number": 76,
      "team": 8,
      "rider": 62,
      "sprint_quality": 1,
      "climb_quality": 1,
      "attack_quality": 1,
      "is_active": true
    }
  },
  {
    "model": "races.riderforteam",
    "pk": 63,
    "fields": {
      "team_leader": false,
      "number": 77,
      "team": 8,
      "rider": 63,
      "sprint_quality": 1,
      "climb_quality": 1,
      "attack_quality": 1,
      "is_active": true
    }
  },
  {
    "model": "races.riderforteam",
    "pk": 64,
    "fields": {
      "team_leader": false,
      "number": 78,
      "team": 8,
      "rider": 64,
      "sprint_quality": 1,
      "climb_quality": 1,
      "attack_quality": 1,
      "is_active": true
    }
  },
  {
    "model": "races.riderforteam",
    "pk": 65,
    "fields": {
      "team_leader": true,
      "number": 81,
      "team": 9,
      "rider": 65,
      "sprint_quality": 1,
      "climb_quality": 1,
      "attack_quality": 1,
      "is_active": true
    }
  },
  {
    "model": "races.riderforteam",
    "pk": 66,
    "fields": {
      "team_leader": false,
      "number": 82,
      "team": 9,
      "rider": 66,
      "sprint_quality": 1,
      "climb_quality": 1,
      "attack_quality": 1,
      "is_active": true
    }
  },
  {
    "model": "races.riderforteam",
    "pk": 67,
    "fields": {
      "team_leader": false,
      "number": 83,
      "team": 9,
      "rider": 67,
      "sprint_quality": 1,
      "climb_quality": 1,
      "attack_quality": 1,
      "is_active": true
    }
  },
  {
    "model": "races.riderforteam",
    "pk": 68,
    "fields": {
      "team_leader": false,
      "number": 84,
      "team": 9,
      "rider": 68,
      "sprint_quality": 1,
      "climb_quality": 1,
      "attack_quality": 1,
      "is_active": true
    }
  },
  {
    "model": "races.riderforteam",
    "pk": 69,
    "fields": {
      "team_leader": false,
      "number": 85,
      "team": 9,
      "rider": 69,
      "sprint_quality": 1,
      "climb_quality": 1,
      "attack_quality": 1,
      "is_active": true
    }
  },
  {
    "model": "races.riderforteam",
    "pk": 70,
    "fields": {
      "team_leader": false,
      "number": 86,
      "team": 9,
      "rider": 70,
      "sprint_quality": 1,
      "climb_quality": 1,
      "attack_quality": 1,
      "is_active": true
    }
  },
  {
    "model": "races.riderforteam",
    "pk": 71,
    "fields": {
      "team_leader": false,
      "number": 87,
      "team": 9,
      "rider": 71,
      "sprint_quality": 1,
      "climb_quality": 1,
      "attack_quality": 1,
      "is_active": true
    }
  },
  {
    "model": "races.riderforteam",
    "pk": 72,
    "fields": {
      "team_leader": false,
      "number": 88,
      "team": 9,
      "rider": 72,
      "sprint_quality": 1,
      "climb_quality": 1,
      "attack_quality": 1,
      "is_active": true
    }
  },
  {
    "model": "races.riderforteam",
    "pk": 73,
    "fields": {
      "team_leader": true,
      "number": 91,
      "team": 10,
      "rider": 73,
      "sprint_quality": 1,
      "climb_quality": 1,
      "attack_quality": 1,
      "is_active": true
    }
  },
  {
    "model": "races.riderforteam",
    "pk": 74,
    "fields": {
      "team_leader": false,
      "number": 92,
      "team": 10,
      "rider": 74,
      "sprint_quality": 1,
      "climb_quality": 1,
      "attack_quality": 1,
      "is_active": true
    }
  },
  {
    "model": "races.riderforteam",
    "pk": 75,
    "fields": {
      "team_leader": false,
      "number": 93,
      "team": 10,
      "rider": 75,
      "sprint_quality": 1,
      "climb_quality": 1,
      "attack_quality": 1,
      "is_active": true
    }
  },
  {
    "model": "races.riderforteam",
    "pk": 76,
    "fields": {
      "team_leader": false,
      "number": 94,
      "team": 10,
      "rider": 76,
      "sprint_quality": 1,
      "climb_quality": 1,
      "attack_quality": 1,
      "is_active": true
    }
  },
  {
    "model": "races.riderforteam",
    "pk": 77,
    "fields": {
      "team_leader": false,
      "number": 95,
      "team": 10,
      "rider": 77,
      "sprint_quality": 1,
      "climb_quality": 1,
      "attack_quality": 1,
      "is_active": true
    }
  },
  {
    "model": "races.riderforteam",
    "pk": 78,
    "fields": {
      "team_leader": false,
      "number": 96,
      "team": 10,
      "rider": 78,
      "sprint_quality": 1,
      "climb_quality": 1,
      "attack_quality": 1,
      "is_active": true
    }
  },
  {
    "model": "races.riderforteam",
    "pk": 79,
    "fields": {
      "team_leader": false,
      "number": 97,
      "team": 10,
      "rider": 79,
      "sprint_quality": 1,
      "climb_quality": 1,
      "attack_quality": 1,
      "is_active": true
    }
  },
  {
    "model": "races.riderforteam",
    "pk": 80,
    "fields": {
      "team_leader": false,
      "number": 98,
      "team": 10,
      "rider": 80,
      "sprint_quality": 1,
      "climb_quality": 1,
      "attack_quality": 1,
      "is_active": true
    }
  },
  {
    "model": "races.riderforteam",
    "pk": 81,
    "fields": {
      "team_leader": true,
      "number": 101,
      "team": 11,
      "rider": 81,
      "sprint_quality": 1,
      "climb_quality": 1,
      "attack_quality": 1,
      "is_active": true
    }
  },
  {
    "model": "races.riderforteam",
    "pk": 82,
    "fields": {
      "team_leader": false,
      "number": 102,
      "team": 11,
      "rider": 82,
      "sprint_quality": 1,
      "climb_quality": 1,
      "attack_quality": 1,
      "is_active": true
    }
  },
  {
    "model": "races.riderforteam",
    "pk": 83,
    "fields": {
      "team_leader": false,
      "number": 103,
      "team": 11,
      "rider": 83,
      "sprint_quality": 1,
      "climb_quality": 1,
      "attack_quality": 1,
      "is_active": true
    }
  },
  {
    "model": "races.riderforteam",
    "pk": 84,
    "fields": {
      "team_leader": false,
      "number": 104,
      "team": 11,
      "rider": 84,
      "sprint_quality": 1,
      "climb_quality": 1,
      "attack_quality": 1,
      "is_active": true
    }
  },
  {
    "model": "races.riderforteam",
    "pk": 85,
    "fields": {
      "team_leader": false,
      "number": 105,
      "team": 11,
      "rider": 85,
      "sprint_quality": 1,
      "climb_quality": 1,
      "attack_quality": 1,
      "is_active": true
    }
  },
  {
    "model": "races.riderforteam",
    "pk": 86,
    "fields": {
      "team_leader": false,
      "number": 106,
      "team": 11,
      "rider": 86,
      "sprint_quality": 1,
      "climb_quality": 1,
      "attack_quality": 1,
      "is_active": true
    }
  },
  {
    "model": "races.riderforteam",
    "pk": 87,
    "fields": {
      "team_leader": false,
      "number": 107,
      "team": 11,
      "rider": 87,
      "sprint_quality": 1,
      "climb_quality": 1,
      "attack_quality": 1,
      "is_active": true
    }
  },
  {
    "model": "races.riderforteam",
    "pk": 88,
    "fields": {
      "team_leader": false,
      "number": 108,
      "team": 11,
      "rider": 88,
      "sprint_quality": 1,
      "climb_quality": 1,
      "attack_quality": 1,
      "is_active": true
    }
  },
  {
    "model": "races.riderforteam",
    "pk": 89,
    "fields": {
      "team_leader": true,
      "number": 111,
      "team": 12,
      "rider": 89,
      "sprint_quality": 1,
      "climb_quality": 1,
      "attack_quality": 1,
      "is_active": true
    }
  },
  {
    "model": "races.riderforteam",
    "pk": 90,
    "fields": {
      "team_leader": false,
      "number": 112,
      "team": 12,
      "rider": 90,
      "sprint_quality": 1,
      "climb_quality": 1,
      "attack_quality": 1,
      "is_active": true
    }
  },
  {
    "model": "races.riderforteam",
    "pk": 91,
    "fields": {
      "team_leader": false,
      "number": 113,
      "team": 12,
      "rider": 91,
      "sprint_quality": 1,
      "climb_quality": 1,
      "attack_quality": 1,
      "is_active": true
    }
  },
  {
    "model": "races.riderforteam",
    "pk": 92,
    "fields": {
      "team_leader": false,
      "number": 114,
      "team": 12,
      "rider": 92,
      "sprint_quality": 1,
      "climb_quality": 1,
      "attack_quality": 1,
      "is_active": true
    }
  },
  {
    "model": "races.riderforteam",
    "pk": 93,
    "fields": {
      "team_leader": false,
      "number": 115,
      "team": 12,
      "rider": 93,
      "sprint_quality": 1,
      "climb_quality": 1,
      "attack_quality": 1,
      "is_active": true
    }
  },
  {
    "model": "races.riderforteam",
    "pk": 94,
    "fields": {
      "team_leader": false,
      "number": 116,
      "team": 12,
      "rider": 94,
      "sprint_quality": 1,
      "climb_quality": 1,
      "attack_quality": 1,
      "is_active": true
    }
  },
  {
    "model": "races.riderforteam",
    "pk": 95,
    "fields": {
      "team_leader": false,
      "number": 117,
      "team": 12,
      "rider": 95,
      "sprint_quality": 1,
      "climb_quality": 1,
      "attack_quality": 1,
      "is_active": true
    }
  },
  {
    "model": "races.riderforteam",
    "pk": 96,
    "fields": {
      "team_leader": false,
      "number": 118,
      "team": 12,
      "rider": 96,
      "sprint_quality": 1,
      "climb_quality": 1,
      "attack_quality": 1,
      "is_active": true
    }
  },
  {
    "model": "races.riderforteam",
    "pk": 97,
    "fields": {
      "team_leader": true,
      "number": 121,
      "team": 13,
      "rider": 97,
      "sprint_quality": 1,
      "climb_quality": 1,
      "attack_quality": 1,
      "is_active": true
    }
  },
  {
    "model": "races.riderforteam",
    "pk": 98,
    "fields": {
      "team_leader": false,
      "number": 122,
      "team": 13,
      "rider": 98,
      "sprint_quality": 1,
      "climb_quality": 1,
      "attack_quality": 1,
      "is_active": true
    }
  },
  {
    "model": "races.riderforteam",
    "pk": 99,
    "fields": {
      "team_leader": false,
      "number": 123,
      "team": 13,
      "rider": 99,
      "sprint_quality": 1,
      "climb_quality": 1,
      "attack_quality": 1,
      "is_active": true
    }
  },
  {
    "model": "races.riderforteam",
    "pk": 100,
    "fields": {
      "team_leader": false,
      "number": 124,
      "team": 13,
      "rider": 100,
      "sprint_quality": 1,
      "climb_quality": 1,
      "attack_quality": 1,
      "is_active": true
    }
  },
  {
    "model": "races.riderforteam",
    "pk": 101,
    "fields": {
      "team_leader": false,
      "number": 125,
      "team": 13,
      "rider": 101,
      "sprint_quality": 1,
      "climb_quality": 1,
      "attack_quality": 1,
      "is_active": true
    }
  },
  {
    "model": "races.riderforteam",
    "pk": 102,
    "fields": {
      "team_leader": false,
      "number": 126,
      "team": 13,
      "rider": 102,
      "sprint_quality": 1,
      "climb_quality": 1,
      "attack_quality": 1,
      "is_active": true
    }
  },
  {
    "model": "races.riderforteam",
    "pk": 103,
    "fields": {
      "team_leader": false,
      "number": 127,
      "team": 13,
      "rider": 103,
      "sprint_quality": 1,
      "climb_quality": 1,
      "attack_quality": 1,
      "is_active": true
    }
  },
  {
    "model": "races.riderforteam",
    "pk": 104,
    "fields": {
      "team_leader": false,
      "number": 128,
      "team": 13,
      "rider": 104,
      "sprint_quality": 1,
      "climb_quality": 1,
      "attack_quality": 1,
      "is_active": true
    }
  },
  {
    "model": "races.riderforteam",
    "pk": 105,
    "fields": {
      "team_leader": true,
      "number": 131,
      "team": 14,
      "rider": 105,
      "sprint_quality": 1,
      "climb_quality": 1,
      "attack_quality": 1,
      "is_active": true
    }
  },
  {
    "model": "races.riderforteam",
    "pk": 106,
    "fields": {
      "team_leader": false,
      "number": 132,
      "team": 14,
      "rider": 106,
      "sprint_quality": 1,
      "climb_quality": 1,
      "attack_quality": 1,
      "is_active": true
    }
  },
  {
    "model": "races.riderforteam",
    "pk": 107,
    "fields": {
      "team_leader": false,
      "number": 133,
      "team": 14,
      "rider": 107,
      "sprint_quality": 1,
      "climb_quality": 1,
      "attack_quality": 1,
      "is_active": true
    }
  },
  {
    "model": "races.riderforteam",
    "pk": 108,
    "fields": {
      "team_leader": false,
      "number": 134,
      "team": 14,
      "rider": 108,
      "sprint_quality": 1,
      "climb_quality": 1,
      "attack_quality": 1,
      "is_active": true
    }
  },
  {
    "model": "races.riderforteam",
    "pk": 109,
    "fields": {
      "team_leader": false,
      "number": 135,
      "team": 14,
      "rider": 109,
      "sprint_quality": 1,
      "climb_quality": 1,
      "attack_quality": 1,
      "is_active": true
    }
  },
  {
    "model": "races.riderforteam",
    "pk": 110,
    "fields": {
      "team_leader": false,
      "number": 136,
      "team": 14,
      "rider": 110,
      "sprint_quality": 1,
      "climb_quality": 1,
      "attack_quality": 1,
      "is_active": true
    }
  },
  {
    "model": "races.riderforteam",
    "pk": 111,
    "fields": {
      "team_leader": false,
      "number": 137,
      "team": 14,
      "rider": 111,
      "sprint_quality": 1,
      "climb_quality": 1,
      "attack_quality": 1,
      "is_active": true
    }
  },
  {
    "model": "races.riderforteam",
    "pk": 112,
    "fields": {
      "team_leader": false,
      "number": 138,
      "team": 14,
      "rider": 112,
      "sprint_quality": 1,
      "climb_quality": 1,
      "attack_quality": 1,
      "is_active": true
    }
  },
  {
    "model": "races.riderforteam",
    "pk": 113,
    "fields": {
      "team_leader": true,
      "number": 141,
      "team": 15,
      "rider": 113,
      "sprint_quality": 1,
      "climb_quality": 1,
      "attack_quality": 1,
      "is_active": true
    }
  },
  {
    "model": "races.riderforteam",
    "pk": 114,
    "fields": {
      "team_leader": false,
      "number": 142,
      "team": 15,
      "rider": 114,
      "sprint_quality": 1,
      "climb_quality": 1,
      "attack_quality": 1,
      "is_active": true
    }
  },
  {
    "model": "races.riderforteam",
    "pk": 115,
    "fields": {
      "team_leader": false,
      "number": 143,
      "team": 15,
      "rider": 115,
      "sprint_quality": 1,
      "climb_quality": 1,
      "attack_quality": 1,
      "is_active": true
    }
  },
  {
    "model": "races.riderforteam",
    "pk": 116,
    "fields": {
      "team_leader": false,
      "number": 144,
      "team": 15,
      "rider": 116,
      "sprint_quality": 1,
      "climb_quality": 1,
      "attack_quality": 1,
      "is_active": true
    }
  },
  {
    "model": "races.riderforteam",
    "pk": 117,
    "fields": {
      "team_leader": false,
      "number": 145,
      "team": 15,
      "rider": 117,
      "sprint_quality": 1,
      "climb_quality": 1,
      "attack_quality": 1,
      "is_active": true
    }
  },
  {
    "model": "races.riderforteam",
    "pk": 118,
    "fields": {
      "team_leader": false,
      "number": 146,
      "team": 15,
      "rider": 118,
      "sprint_quality": 1,
      "climb_quality": 1,
      "attack_quality": 1,
      "is_active": true
    }
  },
  {
    "model": "races.riderforteam",
    "pk": 119,
    "fields": {
      "team_leader": false,
      "number": 147,
      "team": 15,
      "rider": 119,
      "sprint_quality": 1,
      "climb_quality": 1,
      "attack_quality": 1,
      "is_active": true
    }
  },
  {
    "model": "races.riderforteam",
    "pk": 120,
    "fields": {
      "team_leader": false,
      "number": 148,
      "team": 15,
      "rider": 120,
      "sprint_quality": 1,
      "climb_quality": 1,
      "attack_quality": 1,
      "is_active": true
    }
  },
  {
    "model": "races.riderforteam",
    "pk": 121,
    "fields": {
      "team_leader": true,
      "number": 151,
      "team": 16,
      "rider": 121,
      "sprint_quality": 1,
      "climb_quality": 1,
      "attack_quality": 1,
      "is_active": true
    }
  },
  {
    "model": "races.riderforteam",
    "pk": 122,
    "fields": {
      "team_leader": false,
      "number": 152,
      "team": 16,
      "rider": 122,
      "sprint_quality": 1,
      "climb_quality": 1,
      "attack_quality": 1,
      "is_active": true
    }
  },
  {
    "model": "races.riderforteam",
    "pk": 123,
    "fields": {
      "team_leader": false,
      "number": 153,
      "team": 16,
      "rider": 123,
      "sprint_quality": 1,
      "climb_quality": 1,
      "attack_quality": 1,
      "is_active": true
    }
  },
  {
    "model": "races.riderforteam",
    "pk": 124,
    "fields": {
      "team_leader": false,
      "number": 154,
      "team": 16,
      "rider": 124,
      "sprint_quality": 1,
      "climb_quality": 1,
      "attack_quality": 1,
      "is_active": true
    }
  },
  {
    "model": "races.riderforteam",
    "pk": 125,
    "fields": {
      "team_leader": false,
      "number": 155,
      "team": 16,
      "rider": 125,
      "sprint_quality": 1,
      "climb_quality": 1,
      "attack_quality": 1,
      "is_active": true
    }
  },
  {
    "model": "races.riderforteam",
    "pk": 126,
    "fields": {
      "team_leader": false,
      "number": 156,
      "team": 16,
      "rider": 126,
      "sprint_quality": 1,
      "climb_quality": 1,
      "attack_quality": 1,
      "is_active": true
    }
  },
  {
    "model": "races.riderforteam",
    "pk": 127,
    "fields": {
      "team_leader": false,
      "number": 157,
      "team": 16,
      "rider": 127,
      "sprint_quality": 1,
      "climb_quality": 1,
      "attack_quality": 1,
      "is_active": true
    }
  },
  {
    "model": "races.riderforteam",
    "pk": 128,
    "fields": {
      "team_leader": false,
      "number": 158,
      "team": 16,
      "rider": 128,
      "sprint_quality": 1,
      "climb_quality": 1,
      "attack_quality": 1,
      "is_active": true
    }
  },
  {
    "model": "races.riderforteam",
    "pk": 129,
    "fields": {
      "team_leader": true,
      "number": 161,
      "team": 17,
      "rider": 129,
      "sprint_quality": 1,
      "climb_quality": 1,
      "attack_quality": 1,
      "is_active": true
    }
  },
  {
    "model": "races.riderforteam",
    "pk": 130,
    "fields": {
      "team_leader": false,
      "number": 162,
      "team": 17,
      "rider": 130,
      "sprint_quality": 1,
      "climb_quality": 1,
      "attack_quality": 1,
      "is_active": true
    }
  },
  {
    "model": "races.riderforteam",
    "pk": 131,
    "fields": {
      "team_leader": false,
      "number": 163,
      "team": 17,
      "rider": 131,
      "sprint_quality": 1,
      "climb_quality": 1,
      "attack_quality": 1,
      "is_active": true
    }
  },
  {
    "model": "races.riderforteam",
    "pk": 132,
    "fields": {
      "team_leader": false,
      "number": 164,
      "team": 17,
      "rider": 132,
      "sprint_quality": 1,
      "climb_quality": 1,
      "attack_quality": 1,
      "is_active": true
    }
  },
  {
    "model": "races.riderforteam",
    "pk": 133,
    "fields": {
      "team_leader": false,
      "number": 165,
      "team": 17,
      "rider": 133,
      "sprint_quality": 1,
      "climb_quality": 1,
      "attack_quality": 1,
      "is_active": true
    }
  },
  {
    "model": "races.riderforteam",
    "pk": 134,
    "fields": {
      "team_leader": false,
      "number": 166,
      "team": 17,
      "rider": 134,
      "sprint_quality": 1,
      "climb_quality": 1,
      "attack_quality": 1,
      "is_active": true
    }
  },
  {
    "model": "races.riderforteam",
    "pk": 135,
    "fields": {
      "team_leader": false,
      "number": 167,
      "team": 17,
      "rider": 135,
      "sprint_quality": 1,
      "climb_quality": 1,
      "attack_quality": 1,
      "is_active": true
    }
  },
  {
    "model": "races.riderforteam",
    "pk": 136,
    "fields": {
      "team_leader": false,
      "number": 168,
      "team": 17,
      "rider": 136,
      "sprint_quality": 1,
      "climb_quality": 1,
      "attack_quality": 1,
      "is_active": true
    }
  },
  {
    "model": "races.riderforteam",
    "pk": 137,
    "fields": {
      "team_leader": true,
      "number": 171,
      "team": 18,
      "rider": 137,
      "sprint_quality": 1,
      "climb_quality": 1,
      "attack_quality": 1,
      "is_active": true
    }
  },
  {
    "model": "races.riderforteam",
    "pk": 138,
    "fields": {
      "team_leader": false,
      "number": 172,
      "team": 18,
      "rider": 138,
      "sprint_quality": 1,
      "climb_quality": 1,
      "attack_quality": 1,
      "is_active": true
    }
  },
  {
    "model": "races.riderforteam",
    "pk": 139,
    "fields": {
      "team_leader": false,
      "number": 173,
      "team": 18,
      "rider": 139,
      "sprint_quality": 1,
      "climb_quality": 1,
      "attack_quality": 1,
      "is_active": true
    }
  },
  {
    "model": "races.riderforteam",
    "pk": 140,
    "fields": {
      "team_leader": false,
      "number": 174,
      "team": 18,
      "rider": 140,
      "sprint_quality": 1,
      "climb_quality": 1,
      "attack_quality": 1,
      "is_active": true
    }
  },
  {
    "model": "races.riderforteam",
    "pk": 141,
    "fields": {
      "team_leader": false,
      "number": 175,
      "team": 18,
      "rider": 141,
      "sprint_quality": 1,
      "climb_quality": 1,
      "attack_quality": 1,
      "is_active": true
    }
  },
  {
    "model": "races.riderforteam",
    "pk": 142,
    "fields": {
      "team_leader": false,
      "number": 176,
      "team": 18,
      "rider": 142,
      "sprint_quality": 1,
      "climb_quality": 1,
      "attack_quality": 1,
      "is_active": true
    }
  },
  {
    "model": "races.riderforteam",
    "pk": 143,
    "fields": {
      "team_leader": false,
      "number": 177,
      "team": 18,
      "rider": 143,
      "sprint_quality": 1,
      "climb_quality": 1,
      "attack_quality": 1,
      "is_active": true
    }
  },
  {
    "model": "races.riderforteam",
    "pk": 144,
    "fields": {
      "team_leader": false,
      "number": 178,
      "team": 18,
      "rider": 144,
      "sprint_quality": 1,
      "climb_quality": 1,
      "attack_quality": 1,
      "is_active": true
    }
  },
  {
    "model": "races.riderforteam",
    "pk": 145,
    "fields": {
      "team_leader": true,
      "number": 181,
      "team": 19,
      "rider": 145,
      "sprint_quality": 1,
      "climb_quality": 1,
      "attack_quality": 1,
      "is_active": true
    }
  },
  {
    "model": "races.riderforteam",
    "pk": 146,
    "fields": {
      "team_leader": false,
      "number": 182,
      "team": 19,
      "rider": 146,
      "sprint_quality": 1,
      "climb_quality": 1,
      "attack_quality": 1,
      "is_active": true
    }
  },
  {
    "model": "races.riderforteam",
    "pk": 147,
    "fields": {
      "team_leader": false,
      "number": 183,
      "team": 19,
      "rider": 147,
      "sprint_quality": 1,
      "climb_quality": 1,
      "attack_quality": 1,
      "is_active": true
    }
  },
  {
    "model": "races.riderforteam",
    "pk": 148,
    "fields": {
      "team_leader": false,
      "number": 184,
      "team": 19,
      "rider": 148,
      "sprint_quality": 1,
      "climb_quality": 1,
      "attack_quality": 1,
      "is_active": true
    }
  },
  {
    "model": "races.riderforteam",
    "pk": 149,
    "fields": {
      "team_leader": false,
      "number": 185,
      "team": 19,
      "rider": 149,
      "sprint_quality": 1,
      "climb_quality": 1,
      "attack_quality": 1,
      "is_active": true
    }
  },
  {
    "model": "races.riderforteam",
    "pk": 150,
    "fields": {
      "team_leader": false,
      "number": 186,
      "team": 19,
      "rider": 150,
      "sprint_quality": 1,
      "climb_quality": 1,
      "attack_quality": 1,
      "is_active": true
    }
  },
  {
    "model": "races.riderforteam",
    "pk": 151,
    "fields": {
      "team_leader": false,
      "number": 187,
      "team": 19,
      "rider": 151,
      "sprint_quality": 1,
      "climb_quality": 1,
      "attack_quality": 1,
      "is_active": true
    }
  },
  {
    "model": "races.riderforteam",
    "pk": 152,
    "fields": {
      "team_leader": false,
      "number": 188,
      "team": 19,
      "rider": 152,
      "sprint_quality": 1,
      "climb_quality": 1,
      "attack_quality": 1,
      "is_active": true
    }
  },
  {
    "model": "races.riderforteam",
    "pk": 153,
    "fields": {
      "team_leader": true,
      "number": 191,
      "team": 20,
      "rider": 153,
      "sprint_quality": 1,
      "climb_quality": 1,
      "attack_quality": 1,
      "is_active": true
    }
  },
  {
    "model": "races.riderforteam",
    "pk": 154,
    "fields": {
      "team_leader": false,
      "number": 192,
      "team": 20,
      "rider": 154,
      "sprint_quality": 1,
      "climb_quality": 1,
      "attack_quality": 1,
      "is_active": true
    }
  },
  {
    "model": "races.riderforteam",
    "pk": 155,
    "fields": {
      "team_leader": false,
      "number": 193,
      "team": 20,
      "rider": 155,
      "sprint_quality": 1,
      "climb_quality": 1,
      "attack_quality": 1,
      "is_active": true
    }
  },
  {
    "model": "races.riderforteam",
    "pk": 156,
    "fields": {
      "team_leader": false,
      "number": 194,
      "team": 20,
      "rider": 156,
      "sprint_quality": 1,
      "climb_quality": 1,
      "attack_quality": 1,
      "is_active": true
    }
  },
  {
    "model": "races.riderforteam",
    "pk": 157,
    "fields": {
      "team_leader": false,
      "number": 195,
      "team": 20,
      "rider": 157,
      "sprint_quality": 1,
      "climb_quality": 1,
      "attack_quality": 1,
      "is_active": true
    }
  },
  {
    "model": "races.riderforteam",
    "pk": 158,
    "fields": {
      "team_leader": false,
      "number": 196,
      "team": 20,
      "rider": 158,
      "sprint_quality": 1,
      "climb_quality": 1,
      "attack_quality": 1,
      "is_active": true
    }
  },
  {
    "model": "races.riderforteam",
    "pk": 159,
    "fields": {
      "team_leader": false,
      "number": 197,
      "team": 20,
      "rider": 159,
      "sprint_quality": 1,
      "climb_quality": 1,
      "attack_quality": 1,
      "is_active": true
    }
  },
  {
    "model": "races.riderforteam",
    "pk": 160,
    "fields": {
      "team_leader": false,
      "number": 198,
      "team": 20,
      "rider": 160,
      "sprint_quality": 1,
      "climb_quality": 1,
      "attack_quality": 1,
      "is_active": true
    }
  },
  {
    "model": "races.riderforteam",
    "pk": 161,
    "fields": {
      "team_leader": true,
      "number": 201,
      "team": 21,
      "rider": 161,
      "sprint_quality": 1,
      "climb_quality": 1,
      "attack_quality": 1,
      "is_active": true
    }
  },
  {
    "model": "races.riderforteam",
    "pk": 162,
    "fields": {
      "team_leader": false,
      "number": 202,
      "team": 21,
      "rider": 162,
      "sprint_quality": 1,
      "climb_quality": 1,
      "attack_quality": 1,
      "is_active": true
    }
  },
  {
    "model": "races.riderforteam",
    "pk": 163,
    "fields": {
      "team_leader": false,
      "number": 203,
      "team": 21,
      "rider": 163,
      "sprint_quality": 1,
      "climb_quality": 1,
      "attack_quality": 1,
      "is_active": true
    }
  },
  {
    "model": "races.riderforteam",
    "pk": 164,
    "fields": {
      "team_leader": false,
      "number": 204,
      "team": 21,
      "rider": 164,
      "sprint_quality": 1,
      "climb_quality": 1,
      "attack_quality": 1,
      "is_active": true
    }
  },
  {
    "model": "races.riderforteam",
    "pk": 165,
    "fields": {
      "team_leader": false,
      "number": 205,
      "team": 21,
      "rider": 165,
      "sprint_quality": 1,
      "climb_quality": 1,
      "attack_quality": 1,
      "is_active": true
    }
  },
  {
    "model": "races.riderforteam",
    "pk": 166,
    "fields": {
      "team_leader": false,
      "number": 206,
      "team": 21,
      "rider": 166,
      "sprint_quality": 1,
      "climb_quality": 1,
      "attack_quality": 1,
      "is_active": true
    }
  },
  {
    "model": "races.riderforteam",
    "pk": 167,
    "fields": {
      "team_leader": false,
      "number": 207,
      "team": 21,
      "rider": 167,
      "sprint_quality": 1,
      "climb_quality": 1,
      "attack_quality": 1,
      "is_active": true
    }
  },
  {
    "model": "races.riderforteam",
    "pk": 168,
    "fields": {
      "team_leader": false,
      "number": 208,
      "team": 21,
      "rider": 168,
      "sprint_quality": 1,
      "climb_quality": 1,
      "attack_quality": 1,
      "is_active": true
    }
  },
  {
    "model": "races.riderforteam",
    "pk": 169,
    "fields": {
      "team_leader": true,
      "number": 211,
      "team": 22,
      "rider": 169,
      "sprint_quality": 1,
      "climb_quality": 1,
      "attack_quality": 1,
      "is_active": true
    }
  },
  {
    "model": "races.riderforteam",
    "pk": 170,
    "fields": {
      "team_leader": false,
      "number": 212,
      "team": 22,
      "rider": 170,
      "sprint_quality": 1,
      "climb_quality": 1,
      "attack_quality": 1,
      "is_active": true
    }
  },
  {
    "model": "races.riderforteam",
    "pk": 171,
    "fields": {
      "team_leader": false,
      "number": 213,
      "team": 22,
      "rider": 171,
      "sprint_quality": 1,
      "climb_quality": 1,
      "attack_quality": 1,
      "is_active": true
    }
  },
  {
    "model": "races.riderforteam",
    "pk": 172,
    "fields": {
      "team_leader": false,
      "number": 214,
      "team": 22,
      "rider": 172,
      "sprint_quality": 1,
      "climb_quality": 1,
      "attack_quality": 1,
      "is_active": true
    }
  },
  {
    "model": "races.riderforteam",
    "pk": 173,
    "fields": {
      "team_leader": false,
      "number": 215,
      "team": 22,
      "rider": 173,
      "sprint_quality": 1,
      "climb_quality": 1,
      "attack_quality": 1,
      "is_active": true
    }
  },
  {
    "model": "races.riderforteam",
    "pk": 174,
    "fields": {
      "team_leader": false,
      "number": 216,
      "team": 22,
      "rider": 174,
      "sprint_quality": 1,
      "climb_quality": 1,
      "attack_quality": 1,
      "is_active": true
    }
  },
  {
    "model": "races.riderforteam",
    "pk": 175,
    "fields": {
      "team_leader": false,
      "number": 217,
      "team": 22,
      "rider": 175,
      "sprint_quality": 1,
      "climb_quality": 1,
      "attack_quality": 1,
      "is_active": true
    }
  },
  {
    "model": "races.riderforteam",
    "pk": 176,
    "fields": {
      "team_leader": false,
      "number": 218,
      "team": 22,
      "rider": 176,
      "sprint_quality": 1,
      "climb_quality": 1,
      "attack_quality": 1,
      "is_active": true
    }
  },
  {
    "model": "races.team",
    "pk": 1,
    "fields": {
      "name": "JUMBO-VISMA",
      "is_active": true
    }
  },
  {
    "model": "races.team",
    "pk": 2,
    "fields": {
      "name": "UAE TEAM EMIRATES",
      "is_active": true
    }
  },
  {
    "model": "races.team",
    "pk": 3,
    "fields": {
      "name": "INEOS GRENADIERS",
      "is_active": true
    }
  },
  {
    "model": "races.team",
    "pk": 4,
    "fields": {
      "name": "GROUPAMA - FDJ",
      "is_active": true
    }
  },
  {
    "model": "races.team",
    "pk": 5,
    "fields": {
      "name": "EF EDUCATION - EASYPOST",
      "is_active": true
    }
  },
  {
    "model": "races.team",
    "pk": 6,
    "fields": {
      "name": "SOUDAL QUICK-STEP",
      "is_active": true
    }
  },
  {
    "model": "races.team",
    "pk": 7,
    "fields": {
      "name": "BAHRAIN VICTORIOUS",
      "is_active": true
    }
  },
  {
    "model": "races.team",
    "pk": 8,
    "fields": {
      "name": "BORA - HANSGROHE",
      "is_active": true
    }
  },
  {
    "model": "races.team",
    "pk": 9,
    "fields": {
      "name": "LIDL - TREK",
      "is_active": true
    }
  },
  {
    "model": "races.team",
    "pk": 10,
    "fields": {
      "name": "AG2R CITROEN TEAM",
      "is_active": true
    }
  },
  {
    "model": "races.team",
    "pk": 11,
    "fields": {
      "name": "ALPECIN-DECEUNINCK",
      "is_active": true
    }
  },
  {
    "model": "races.team",
    "pk": 12,
    "fields": {
      "name": "INTERMARCHÉ - CIRCUS - WANTY",
      "is_active": true
    }
  },
  {
    "model": "races.team",
    "pk": 13,
    "fields": {
      "name": "COFIDIS",
      "is_active": true
    }
  },
  {
    "model": "races.team",
    "pk": 14,
    "fields": {
      "name": "MOVISTAR TEAM",
      "is_active": true
    }
  },
  {
    "model": "races.team",
    "pk": 15,
    "fields": {
      "name": "TEAM DSM - FIRMENICH",
      "is_active": true
    }
  },
  {
    "model": "races.team",
    "pk": 16,
    "fields": {
      "name": "ISRAEL - PREMIER TECH",
      "is_active": true
    }
  },
  {
    "model": "races.team",
    "pk": 17,
    "fields": {
      "name": "TEAM JAYCO ALULA",
      "is_active": true
    }
  },
  {
    "model": "races.team",
    "pk": 18,
    "fields": {
      "name": "TEAM ARKEA - SAMSIC",
      "is_active": true
    }
  },
  {
    "model": "races.team",
    "pk": 19,
    "fields": {
      "name": "LOTTO DSTNY",
      "is_active": true
    }
  },
  {
    "model": "races.team",
    "pk": 20,
    "fields": {
      "name": "ASTANA QAZAQSTAN TEAM",
      "is_active": true
    }
  },
  {
    "model": "races.team",
    "pk": 21,
    "fields": {
      "name": "UNO-X PRO CYCLING TEAM",
      "is_active": true
    }
  },
  {
    "model": "races.team",
    "pk": 22,
    "fields": {
      "name": "TOTALENERGIES",
      "is_active": true
    }
  },
  {
    "model": "races.teamforround",
    "pk": 1,
    "fields": {
      "team": 1,
      "round": 1
    }
  },
  {
    "model": "races.teamforround",
    "pk": 2,
    "fields": {
      "team": 2,
      "round": 1
    }
  },
  {
    "model": "races.teamforround",
    "pk": 3,
    "fields": {
      "team": 3,
      "round": 1
    }
  },
  {
    "model": "races.teamforround",
    "pk": 4,
    "fields": {
      "team": 4,
      "round": 1
    }
  },
  {
    "model": "races.teamforround",
    "pk": 5,
    "fields": {
      "team": 5,
      "round": 1
    }
  },
  {
    "model": "races.teamforround",
    "pk": 6,
    "fields": {
      "team": 6,
      "round": 1
    }
  },
  {
    "model": "races.teamforround",
    "pk": 7,
    "fields": {
      "team": 7,
      "round": 1
    }
  },
  {
    "model": "races.teamforround",
    "pk": 8,
    "fields": {
      "team": 8,
      "round": 1
    }
  },
  {
    "model": "races.teamforround",
    "pk": 9,
    "fields": {
      "team": 9,
      "round": 1
    }
  },
  {
    "model": "races.teamforround",
    "pk": 10,
    "fields": {
      "team": 10,
      "round": 1
    }
  },
  {
    "model": "races.teamforround",
    "pk": 11,
    "fields": {
      "team": 11,
      "round": 1
    }
  },
  {
    "model": "races.teamforround",
    "pk": 12,
    "fields": {
      "team": 12,
      "round": 1
    }
  },
  {
    "model": "races.teamforround",
    "pk": 13,
    "fields": {
      "team": 13,
      "round": 1
    }
  },
  {
    "model": "races.teamforround",
    "pk": 14,
    "fields": {
      "team": 14,
      "round": 1
    }
  },
  {
    "model": "races.teamforround",
    "pk": 15,
    "fields": {
      "team": 15,
      "round": 1
    }
  },
  {
    "model": "races.teamforround",
    "pk": 16,
    "fields": {
      "team": 16,
      "round": 1
    }
  },
  {
    "model": "races.teamforround",
    "pk": 17,
    "fields": {
      "team": 17,
      "round": 1
    }
  },
  {
    "model": "races.teamforround",
    "pk": 18,
    "fields": {
      "team": 18,
      "round": 1
    }
  },
  {
    "model": "races.teamforround",
    "pk": 19,
    "fields": {
      "team": 19,
      "round": 1
    }
  },
  {
    "model": "races.teamforround",
    "pk": 20,
    "fields": {
      "team": 20,
      "round": 1
    }
  },
  {
    "model": "races.teamforround",
    "pk": 21,
    "fields": {
      "team": 21,
      "round": 1
    }
  },
  {
    "model": "races.teamforround",
    "pk": 22,
    "fields": {
      "team": 22,
      "round": 1
    }
  },
  {
    "model": "races.day",
    "pk": 1,
    "fields": {
      "polymorphic_ctype": 18,
      "round": 1,
      "date": "2023-07-01"
    }
  },
  {
    "model": "races.day",
    "pk": 2,
    "fields": {
      "polymorphic_ctype": 18,
      "round": 1,
      "date": "2023-07-02"
    }
  },
  {
    "model": "races.day",
    "pk": 3,
    "fields": {
      "polymorphic_ctype": 18,
      "round": 1,
      "date": "2023-07-03"
    }
  },
  {
    "model": "races.day",
    "pk": 4,
    "fields": {
      "polymorphic_ctype": 18,
      "round": 1,
      "date": "2023-07-04"
    }
  },
  {
    "model": "races.day",
    "pk": 5,
    "fields": {
      "polymorphic_ctype": 18,
      "round": 1,
      "date": "2023-07-05"
    }
  },
  {
    "model": "races.day",
    "pk": 6,
    "fields": {
      "polymorphic_ctype": 18,
      "round": 1,
      "date": "2023-07-06"
    }
  },
  {
    "model": "races.day",
    "pk": 7,
    "fields": {
      "polymorphic_ctype": 18,
      "round": 1,
      "date": "2023-07-07"
    }
  },
  {
    "model": "races.day",
    "pk": 8,
    "fields": {
      "polymorphic_ctype": 18,
      "round": 1,
      "date": "2023-07-08"
    }
  },
  {
    "model": "races.day",
    "pk": 9,
    "fields": {
      "polymorphic_ctype": 18,
      "round": 1,
      "date": "2023-07-09"
    }
  },
  {
    "model": "races.day",
    "pk": 10,
    "fields": {
      "polymorphic_ctype": 17,
      "round": 1,
      "date": "2023-07-10"
    }
  },
  {
    "model": "races.day",
    "pk": 11,
    "fields": {
      "polymorphic_ctype": 18,
      "round": 1,
      "date": "2023-07-11"
    }
  },
  {
    "model": "races.day",
    "pk": 12,
    "fields": {
      "polymorphic_ctype": 18,
      "round": 1,
      "date": "2023-07-12"
    }
  },
  {
    "model": "races.day",
    "pk": 13,
    "fields": {
      "polymorphic_ctype": 18,
      "round": 1,
      "date": "2023-07-13"
    }
  },
  {
    "model": "races.day",
    "pk": 14,
    "fields": {
      "polymorphic_ctype": 18,
      "round": 1,
      "date": "2023-07-14"
    }
  },
  {
    "model": "races.day",
    "pk": 15,
    "fields": {
      "polymorphic_ctype": 18,
      "round": 1,
      "date": "2023-07-15"
    }
  },
  {
    "model": "races.day",
    "pk": 16,
    "fields": {
      "polymorphic_ctype": 18,
      "round": 1,
      "date": "2023-07-16"
    }
  },
  {
    "model": "races.day",
    "pk": 17,
    "fields": {
      "polymorphic_ctype": 17,
      "round": 1,
      "date": "2023-07-17"
    }
  },
  {
    "model": "races.day",
    "pk": 18,
    "fields": {
      "polymorphic_ctype": 18,
      "round": 1,
      "date": "2023-07-18"
    }
  },
  {
    "model": "races.day",
    "pk": 19,
    "fields": {
      "polymorphic_ctype": 18,
      "round": 1,
      "date": "2023-07-19"
    }
  },
  {
    "model": "races.day",
    "pk": 20,
    "fields": {
      "polymorphic_ctype": 18,
      "round": 1,
      "date": "2023-07-20"
    }
  },
  {
    "model": "races.day",
    "pk": 21,
    "fields": {
      "polymorphic_ctype": 18,
      "round": 1,
      "date": "2023-07-21"
    }
  },
  {
    "model": "races.day",
    "pk": 22,
    "fields": {
      "polymorphic_ctype": 18,
      "round": 1,
      "date": "2023-07-22"
    }
  },
  {
    "model": "races.day",
    "pk": 23,
    "fields": {
      "polymorphic_ctype": 18,
      "round": 1,
      "date": "2023-07-23"
    }
  },
  {
    "model": "races.restday",
    "pk": 10,
    "fields": {
      "number": 1
    }
  },
  {
    "model": "races.restday",
    "pk": 17,
    "fields": {
      "number": 2
    }
  },
  {
    "model": "races.stageday",
    "pk": 1,
    "fields": {
      "number": 1,
      "start_city": "Bilbao",
      "end_city": "Bilbao",
      "distance": "182.0",
      "stage_type": "hilly"
    }
  },
  {
    "model": "races.stageday",
    "pk": 2,
    "fields": {
      "number": 2,
      "start_city": "Vitoria-Gasteiz",
      "end_city": "San Sebastián",
      "distance": "208.9",
      "stage_type": "hilly"
    }
  },
  {
    "model": "races.stageday",
    "pk": 3,
    "fields": {
      "number": 3,
      "start_city": "Amorebieta-Etxano",
      "end_city": "Bayonne",
      "distance": "193.5",
      "stage_type": "flat"
    }
  },
  {
    "model": "races.stageday",
    "pk": 4,
    "fields": {
      "number": 4,
      "start_city": "Dax",
      "end_city": "Nogaro",
      "distance": "181.8",
      "stage_type": "flat"
    }
  },
  {
    "model": "races.stageday",
    "pk": 5,
    "fields": {
      "number": 5,
      "start_city": "Pau",
      "end_city": "Laruns",
      "distance": "162.7",
      "stage_type": "mountain"
    }
  },
  {
    "model": "races.stageday",
    "pk": 6,
    "fields": {
      "number": 6,
      "start_city": "Tarbes",
      "end_city": "Cauterets",
      "distance": "144.9",
      "stage_type": "mountain"
    }
  },
  {
    "model": "races.stageday",
    "pk": 7,
    "fields": {
      "number": 7,
      "start_city": "Mont-de-Marsan",
      "end_city": "Bordeaux",
      "distance": "169.9",
      "stage_type": "flat"
    }
  },
  {
    "model": "races.stageday",
    "pk": 8,
    "fields": {
      "number": 8,
      "start_city": "Libourne",
      "end_city": "Limoges",
      "distance": "200.7",
      "stage_type": "hilly"
    }
  },
  {
    "model": "races.stageday",
    "pk": 9,
    "fields": {
      "number": 9,
      "start_city": "Saint-Léonard-de-Noblat",
      "end_city": "Puy de Dôme",
      "distance": "182.4",
      "stage_type": "mountain"
    }
  },
  {
    "model": "races.stageday",
    "pk": 11,
    "fields": {
      "number": 10,
      "start_city": "Saint-Ours-les-Roches",
      "end_city": "Issoire",
      "distance": "167.2",
      "stage_type": "hilly"
    }
  },
  {
    "model": "races.stageday",
    "pk": 12,
    "fields": {
      "number": 11,
      "start_city": "Clermont-Ferrand",
      "end_city": "Moulins",
      "distance": "179.8",
      "stage_type": "flat"
    }
  },
  {
    "model": "races.stageday",
    "pk": 13,
    "fields": {
      "number": 12,
      "start_city": "Roanne",
      "end_city": "Belleville-en-Beaujolais",
      "distance": "168.8",
      "stage_type": "hilly"
    }
  },
  {
    "model": "races.stageday",
    "pk": 14,
    "fields": {
      "number": 13,
      "start_city": "Châtillon-sur-Chalaronne",
      "end_city": "Grand Colombier",
      "distance": "137.8",
      "stage_type": "mountain"
    }
  },
  {
    "model": "races.stageday",
    "pk": 15,
    "fields": {
      "number": 14,
      "start_city": "Annemasse",
      "end_city": "Morzine",
      "distance": "151.8",
      "stage_type": "mountain"
    }
  },
  {
    "model": "races.stageday",
    "pk": 16,
    "fields": {
      "number": 15,
      "start_city": "Les Gets",
      "end_city": "Saint-Gervais Mont Blanc",
      "distance": "179.0",
      "stage_type": "mountain"
    }
  },
  {
    "model": "races.stageday",
    "pk": 18,
    "fields": {
      "number": 16,
      "start_city": "Passy",
      "end_city": "Combloux",
      "distance": "22.4",
      "stage_type": "individual-time-trial"
    }
  },
  {
    "model": "races.stageday",
    "pk": 19,
    "fields": {
      "number": 17,
      "start_city": "Saint-Gervais Mont Blanc",
      "end_city": "Courchevel",
      "distance": "165.7",
      "stage_type": "mountain"
    }
  },
  {
    "model": "races.stageday",
    "pk": 20,
    "fields": {
      "number": 18,
      "start_city": "Moûtiers",
      "end_city": "Bourg-en-Bresse",
      "distance": "184.9",
      "stage_type": "hilly"
    }
  },
  {
    "model": "races.stageday",
    "pk": 21,
    "fields": {
      "number": 19,
      "start_city": "Moirans-en-Montagne",
      "end_city": "Poligny",
      "distance": "172.8",
      "stage_type": "flat"
    }
  },
  {
    "model": "races.stageday",
    "pk": 22,
    "fields": {
      "number": 20,
      "start_city": "Belfort",
      "end_city": "Le Markstein",
      "distance": "133.5",
      "stage_type": "mountain"
    }
  },
  {
    "model": "races.stageday",
    "pk": 23,
    "fields": {
      "number": 21,
      "start_city": "Saint-Quentin-en-Yvelines",
      "end_city": "Parijs",
      "distance": "115.1",
      "stage_type": "flat"
    }
  },
  {
    "model": "races.stageresult",
    "pk": 1,
    "fields": {
      "stage": 1,
      "rider": 16,
      "position": 1
    }
  },
  {
    "model": "races.stageresult",
    "pk": 14,
    "fields": {
      "stage": 1,
      "rider": 129,
      "position": 2
    }
  },
  {
    "model": "races.stageresult",
    "pk": 15,
    "fields": {
      "stage": 1,
      "rider": 9,
      "position": 3
    }
  },
  {
    "model": "races.stageresult",
    "pk": 16,
    "fields": {
      "stage": 1,
      "rider": 31,
      "position": 4
    }
  },
  {
    "model": "races.stageresult",
    "pk": 17,
    "fields": {
      "stage": 1,
      "rider": 121,
      "position": 5
    }
  },
  {
    "model": "races.stageresult",
    "pk": 18,
    "fields": {
      "stage": 1,
      "rider": 101,
      "position": 6
    }
  },
  {
    "model": "races.stageresult",
    "pk": 19,
    "fields": {
      "stage": 1,
      "rider": 57,
      "position": 7
    }
  },
  {
    "model": "races.stageresult",
    "pk": 20,
    "fields": {
      "stage": 1,
      "rider": 67,
      "position": 8
    }
  },
  {
    "model": "races.stageresult",
    "pk": 21,
    "fields": {
      "stage": 1,
      "rider": 1,
      "position": 9
    }
  },
  {
    "model": "races.stageresult",
    "pk": 22,
    "fields": {
      "stage": 1,
      "rider": 25,
      "position": 10
    }
  },
  {
    "model": "races.stageresult",
    "pk": 23,
    "fields": {
      "stage": 2,
      "rider": 101,
      "position": 1
    }
  },
  {
    "model": "races.stageresult",
    "pk": 24,
    "fields": {
      "stage": 2,
      "rider": 6,
      "position": 2
    }
  },
  {
    "model": "races.stageresult",
    "pk": 25,
    "fields": {
      "stage": 2,
      "rider": 9,
      "position": 3
    }
  },
  {
    "model": "races.stageresult",
    "pk": 26,
    "fields": {
      "stage": 2,
      "rider": 22,
      "position": 4
    }
  },
  {
    "model": "races.stageresult",
    "pk": 27,
    "fields": {
      "stage": 2,
      "rider": 52,
      "position": 5
    }
  },
  {
    "model": "races.stageresult",
    "pk": 28,
    "fields": {
      "stage": 2,
      "rider": 121,
      "position": 6
    }
  },
  {
    "model": "races.stageresult",
    "pk": 29,
    "fields": {
      "stage": 2,
      "rider": 113,
      "position": 7
    }
  },
  {
    "model": "races.stageresult",
    "pk": 30,
    "fields": {
      "stage": 2,
      "rider": 128,
      "position": 8
    }
  },
  {
    "model": "races.stageresult",
    "pk": 31,
    "fields": {
      "stage": 2,
      "rider": 57,
      "position": 9
    }
  },
  {
    "model": "races.stageresult",
    "pk": 32,
    "fields": {
      "stage": 2,
      "rider": 172,
      "position": 10
    }
  },
  {
    "model": "races.stageresult",
    "pk": 33,
    "fields": {
      "stage": 3,
      "rider": 86,
      "position": 1
    }
  },
  {
    "model": "races.stageresult",
    "pk": 34,
    "fields": {
      "stage": 3,
      "rider": 51,
      "position": 2
    }
  },
  {
    "model": "races.stageresult",
    "pk": 35,
    "fields": {
      "stage": 3,
      "rider": 145,
      "position": 3
    }
  },
  {
    "model": "races.stageresult",
    "pk": 36,
    "fields": {
      "stage": 3,
      "rider": 46,
      "position": 4
    }
  },
  {
    "model": "races.stageresult",
    "pk": 37,
    "fields": {
      "stage": 3,
      "rider": 6,
      "position": 5
    }
  },
  {
    "model": "races.stageresult",
    "pk": 38,
    "fields": {
      "stage": 3,
      "rider": 153,
      "position": 6
    }
  },
  {
    "model": "races.stageresult",
    "pk": 39,
    "fields": {
      "stage": 3,
      "rider": 62,
      "position": 7
    }
  },
  {
    "model": "races.stageresult",
    "pk": 40,
    "fields": {
      "stage": 3,
      "rider": 132,
      "position": 8
    }
  },
  {
    "model": "races.stageresult",
    "pk": 41,
    "fields": {
      "stage": 3,
      "rider": 70,
      "position": 9
    }
  },
  {
    "model": "races.stageresult",
    "pk": 42,
    "fields": {
      "stage": 3,
      "rider": 98,
      "position": 10
    }
  },
  {
    "model": "races.stageresult",
    "pk": 43,
    "fields": {
      "stage": 4,
      "rider": 86,
      "position": 1
    }
  },
  {
    "model": "races.stageresult",
    "pk": 44,
    "fields": {
      "stage": 4,
      "rider": 145,
      "position": 2
    }
  },
  {
    "model": "races.stageresult",
    "pk": 45,
    "fields": {
      "stage": 4,
      "rider": 51,
      "position": 3
    }
  },
  {
    "model": "races.stageresult",
    "pk": 46,
    "fields": {
      "stage": 4,
      "rider": 98,
      "position": 4
    }
  },
  {
    "model": "races.stageresult",
    "pk": 47,
    "fields": {
      "stage": 4,
      "rider": 153,
      "position": 5
    }
  },
  {
    "model": "races.stageresult",
    "pk": 48,
    "fields": {
      "stage": 4,
      "rider": 64,
      "position": 6
    }
  },
  {
    "model": "races.stageresult",
    "pk": 49,
    "fields": {
      "stage": 4,
      "rider": 161,
      "position": 7
    }
  },
  {
    "model": "races.stageresult",
    "pk": 50,
    "fields": {
      "stage": 4,
      "rider": 135,
      "position": 8
    }
  },
  {
    "model": "races.stageresult",
    "pk": 51,
    "fields": {
      "stage": 4,
      "rider": 6,
      "position": 9
    }
  },
  {
    "model": "races.stageresult",
    "pk": 52,
    "fields": {
      "stage": 4,
      "rider": 70,
      "position": 10
    }
  },
  {
    "model": "races.stageresult",
    "pk": 53,
    "fields": {
      "stage": 5,
      "rider": 57,
      "position": 1
    }
  },
  {
    "model": "races.stageresult",
    "pk": 54,
    "fields": {
      "stage": 5,
      "rider": 65,
      "position": 2
    }
  },
  {
    "model": "races.stageresult",
    "pk": 55,
    "fields": {
      "stage": 5,
      "rider": 77,
      "position": 3
    }
  },
  {
    "model": "races.stageresult",
    "pk": 56,
    "fields": {
      "stage": 5,
      "rider": 58,
      "position": 4
    }
  },
  {
    "model": "races.stageresult",
    "pk": 57,
    "fields": {
      "stage": 5,
      "rider": 1,
      "position": 5
    }
  },
  {
    "model": "races.stageresult",
    "pk": 58,
    "fields": {
      "stage": 5,
      "rider": 67,
      "position": 6
    }
  },
  {
    "model": "races.stageresult",
    "pk": 59,
    "fields": {
      "stage": 5,
      "rider": 21,
      "position": 7
    }
  },
  {
    "model": "races.stageresult",
    "pk": 60,
    "fields": {
      "stage": 5,
      "rider": 9,
      "position": 8
    }
  },
  {
    "model": "races.stageresult",
    "pk": 61,
    "fields": {
      "stage": 5,
      "rider": 25,
      "position": 9
    }
  },
  {
    "model": "races.stageresult",
    "pk": 62,
    "fields": {
      "stage": 5,
      "rider": 23,
      "position": 10
    }
  },
  {
    "model": "races.stageresult",
    "pk": 63,
    "fields": {
      "stage": 6,
      "rider": 9,
      "position": 1
    }
  },
  {
    "model": "races.stageresult",
    "pk": 64,
    "fields": {
      "stage": 6,
      "rider": 1,
      "position": 2
    }
  },
  {
    "model": "races.stageresult",
    "pk": 65,
    "fields": {
      "stage": 6,
      "rider": 164,
      "position": 3
    }
  },
  {
    "model": "races.stageresult",
    "pk": 66,
    "fields": {
      "stage": 6,
      "rider": 106,
      "position": 4
    }
  },
  {
    "model": "races.stageresult",
    "pk": 67,
    "fields": {
      "stage": 6,
      "rider": 39,
      "position": 5
    }
  },
  {
    "model": "races.stageresult",
    "pk": 68,
    "fields": {
      "stage": 6,
      "rider": 57,
      "position": 6
    }
  },
  {
    "model": "races.stageresult",
    "pk": 69,
    "fields": {
      "stage": 6,
      "rider": 23,
      "position": 7
    }
  },
  {
    "model": "races.stageresult",
    "pk": 70,
    "fields": {
      "stage": 6,
      "rider": 129,
      "position": 8
    }
  },
  {
    "model": "races.stageresult",
    "pk": 71,
    "fields": {
      "stage": 6,
      "rider": 16,
      "position": 9
    }
  },
  {
    "model": "races.stageresult",
    "pk": 72,
    "fields": {
      "stage": 6,
      "rider": 113,
      "position": 10
    }
  },
  {
    "model": "races.stageresult",
    "pk": 73,
    "fields": {
      "stage": 7,
      "rider": 86,
      "position": 1
    }
  },
  {
    "model": "races.stageresult",
    "pk": 74,
    "fields": {
      "stage": 7,
      "rider": 153,
      "position": 2
    }
  },
  {
    "model": "races.stageresult",
    "pk": 75,
    "fields": {
      "stage": 7,
      "rider": 89,
      "position": 3
    }
  },
  {
    "model": "races.stageresult",
    "pk": 76,
    "fields": {
      "stage": 7,
      "rider": 143,
      "position": 4
    }
  },
  {
    "model": "races.stageresult",
    "pk": 77,
    "fields": {
      "stage": 7,
      "rider": 132,
      "position": 5
    }
  },
  {
    "model": "races.stageresult",
    "pk": 78,
    "fields": {
      "stage": 7,
      "rider": 62,
      "position": 6
    }
  },
  {
    "model": "races.stageresult",
    "pk": 79,
    "fields": {
      "stage": 7,
      "rider": 51,
      "position": 7
    }
  },
  {
    "model": "races.stageresult",
    "pk": 80,
    "fields": {
      "stage": 7,
      "rider": 98,
      "position": 8
    }
  },
  {
    "model": "races.stageresult",
    "pk": 81,
    "fields": {
      "stage": 7,
      "rider": 161,
      "position": 9
    }
  },
  {
    "model": "races.stageresult",
    "pk": 82,
    "fields": {
      "stage": 7,
      "rider": 70,
      "position": 10
    }
  },
  {
    "model": "races.stageresult",
    "pk": 83,
    "fields": {
      "stage": 8,
      "rider": 70,
      "position": 1
    }
  },
  {
    "model": "races.stageresult",
    "pk": 84,
    "fields": {
      "stage": 8,
      "rider": 86,
      "position": 2
    }
  },
  {
    "model": "races.stageresult",
    "pk": 85,
    "fields": {
      "stage": 8,
      "rider": 6,
      "position": 3
    }
  },
  {
    "model": "races.stageresult",
    "pk": 86,
    "fields": {
      "stage": 8,
      "rider": 132,
      "position": 4
    }
  },
  {
    "model": "races.stageresult",
    "pk": 87,
    "fields": {
      "stage": 8,
      "rider": 117,
      "position": 5
    }
  },
  {
    "model": "races.stageresult",
    "pk": 88,
    "fields": {
      "stage": 8,
      "rider": 98,
      "position": 6
    }
  },
  {
    "model": "races.stageresult",
    "pk": 89,
    "fields": {
      "stage": 8,
      "rider": 147,
      "position": 7
    }
  },
  {
    "model": "races.stageresult",
    "pk": 90,
    "fields": {
      "stage": 8,
      "rider": 165,
      "position": 8
    }
  },
  {
    "model": "races.stageresult",
    "pk": 91,
    "fields": {
      "stage": 8,
      "rider": 127,
      "position": 9
    }
  },
  {
    "model": "races.stageresult",
    "pk": 92,
    "fields": {
      "stage": 8,
      "rider": 9,
      "position": 10
    }
  },
  {
    "model": "races.stageresult",
    "pk": 93,
    "fields": {
      "stage": 9,
      "rider": 121,
      "position": 1
    }
  },
  {
    "model": "races.stageresult",
    "pk": 94,
    "fields": {
      "stage": 9,
      "rider": 174,
      "position": 2
    }
  },
  {
    "model": "races.stageresult",
    "pk": 95,
    "fields": {
      "stage": 9,
      "rider": 54,
      "position": 3
    }
  },
  {
    "model": "races.stageresult",
    "pk": 96,
    "fields": {
      "stage": 9,
      "rider": 109,
      "position": 4
    }
  },
  {
    "model": "races.stageresult",
    "pk": 97,
    "fields": {
      "stage": 9,
      "rider": 74,
      "position": 5
    }
  },
  {
    "model": "races.stageresult",
    "pk": 98,
    "fields": {
      "stage": 9,
      "rider": 38,
      "position": 6
    }
  },
  {
    "model": "races.stageresult",
    "pk": 99,
    "fields": {
      "stage": 9,
      "rider": 157,
      "position": 7
    }
  },
  {
    "model": "races.stageresult",
    "pk": 100,
    "fields": {
      "stage": 9,
      "rider": 168,
      "position": 8
    }
  },
  {
    "model": "races.stageresult",
    "pk": 101,
    "fields": {
      "stage": 9,
      "rider": 171,
      "position": 9
    }
  },
  {
    "model": "races.stageresult",
    "pk": 102,
    "fields": {
      "stage": 9,
      "rider": 155,
      "position": 10
    }
  },
  {
    "model": "races.stageresult",
    "pk": 103,
    "fields": {
      "stage": 11,
      "rider": 52,
      "position": 1
    }
  },
  {
    "model": "races.stageresult",
    "pk": 104,
    "fields": {
      "stage": 11,
      "rider": 96,
      "position": 2
    }
  },
  {
    "model": "races.stageresult",
    "pk": 105,
    "fields": {
      "stage": 11,
      "rider": 73,
      "position": 3
    }
  },
  {
    "model": "races.stageresult",
    "pk": 106,
    "fields": {
      "stage": 11,
      "rider": 125,
      "position": 4
    }
  },
  {
    "model": "races.stageresult",
    "pk": 107,
    "fields": {
      "stage": 11,
      "rider": 33,
      "position": 5
    }
  },
  {
    "model": "races.stageresult",
    "pk": 108,
    "fields": {
      "stage": 11,
      "rider": 112,
      "position": 6
    }
  },
  {
    "model": "races.stageresult",
    "pk": 109,
    "fields": {
      "stage": 11,
      "rider": 67,
      "position": 7
    }
  },
  {
    "model": "races.stageresult",
    "pk": 110,
    "fields": {
      "stage": 11,
      "rider": 20,
      "position": 8
    }
  },
  {
    "model": "races.stageresult",
    "pk": 111,
    "fields": {
      "stage": 11,
      "rider": 137,
      "position": 9
    }
  },
  {
    "model": "races.stageresult",
    "pk": 112,
    "fields": {
      "stage": 11,
      "rider": 41,
      "position": 10
    }
  },
  {
    "model": "races.stageresult",
    "pk": 113,
    "fields": {
      "stage": 12,
      "rider": 86,
      "position": 1
    }
  },
  {
    "model": "races.stageresult",
    "pk": 114,
    "fields": {
      "stage": 12,
      "rider": 132,
      "position": 2
    }
  },
  {
    "model": "races.stageresult",
    "pk": 115,
    "fields": {
      "stage": 12,
      "rider": 51,
      "position": 3
    }
  },
  {
    "model": "races.stageresult",
    "pk": 116,
    "fields": {
      "stage": 12,
      "rider": 98,
      "position": 4
    }
  },
  {
    "model": "races.stageresult",
    "pk": 117,
    "fields": {
      "stage": 12,
      "rider": 70,
      "position": 5
    }
  },
  {
    "model": "races.stageresult",
    "pk": 118,
    "fields": {
      "stage": 12,
      "rider": 161,
      "position": 6
    }
  },
  {
    "model": "races.stageresult",
    "pk": 119,
    "fields": {
      "stage": 12,
      "rider": 143,
      "position": 7
    }
  },
  {
    "model": "races.stageresult",
    "pk": 120,
    "fields": {
      "stage": 12,
      "rider": 169,
      "position": 8
    }
  },
  {
    "model": "races.stageresult",
    "pk": 121,
    "fields": {
      "stage": 12,
      "rider": 6,
      "position": 9
    }
  },
  {
    "model": "races.stageresult",
    "pk": 122,
    "fields": {
      "stage": 12,
      "rider": 120,
      "position": 10
    }
  },
  {
    "model": "races.stageresult",
    "pk": 123,
    "fields": {
      "stage": 13,
      "rider": 100,
      "position": 1
    }
  },
  {
    "model": "races.stageresult",
    "pk": 124,
    "fields": {
      "stage": 13,
      "rider": 173,
      "position": 2
    }
  },
  {
    "model": "races.stageresult",
    "pk": 125,
    "fields": {
      "stage": 13,
      "rider": 109,
      "position": 3
    }
  },
  {
    "model": "races.stageresult",
    "pk": 126,
    "fields": {
      "stage": 13,
      "rider": 2,
      "position": 4
    }
  },
  {
    "model": "races.stageresult",
    "pk": 127,
    "fields": {
      "stage": 13,
      "rider": 164,
      "position": 5
    }
  },
  {
    "model": "races.stageresult",
    "pk": 128,
    "fields": {
      "stage": 13,
      "rider": 31,
      "position": 6
    }
  },
  {
    "model": "races.stageresult",
    "pk": 129,
    "fields": {
      "stage": 13,
      "rider": 97,
      "position": 7
    }
  },
  {
    "model": "races.stageresult",
    "pk": 130,
    "fields": {
      "stage": 13,
      "rider": 128,
      "position": 8
    }
  },
  {
    "model": "races.stageresult",
    "pk": 131,
    "fields": {
      "stage": 13,
      "rider": 106,
      "position": 9
    }
  },
  {
    "model": "races.stageresult",
    "pk": 132,
    "fields": {
      "stage": 13,
      "rider": 146,
      "position": 10
    }
  },
  {
    "model": "races.stageresult",
    "pk": 133,
    "fields": {
      "stage": 14,
      "rider": 20,
      "position": 1
    }
  },
  {
    "model": "races.stageresult",
    "pk": 134,
    "fields": {
      "stage": 14,
      "rider": 151,
      "position": 2
    }
  },
  {
    "model": "races.stageresult",
    "pk": 135,
    "fields": {
      "stage": 14,
      "rider": 9,
      "position": 3
    }
  },
  {
    "model": "races.stageresult",
    "pk": 136,
    "fields": {
      "stage": 14,
      "rider": 1,
      "position": 4
    }
  },
  {
    "model": "races.stageresult",
    "pk": 137,
    "fields": {
      "stage": 14,
      "rider": 22,
      "position": 5
    }
  },
  {
    "model": "races.stageresult",
    "pk": 138,
    "fields": {
      "stage": 14,
      "rider": 57,
      "position": 6
    }
  },
  {
    "model": "races.stageresult",
    "pk": 139,
    "fields": {
      "stage": 14,
      "rider": 39,
      "position": 7
    }
  },
  {
    "model": "races.stageresult",
    "pk": 140,
    "fields": {
      "stage": 14,
      "rider": 160,
      "position": 8
    }
  },
  {
    "model": "races.stageresult",
    "pk": 141,
    "fields": {
      "stage": 14,
      "rider": 129,
      "position": 9
    }
  },
  {
    "model": "races.stageresult",
    "pk": 142,
    "fields": {
      "stage": 14,
      "rider": 16,
      "position": 10
    }
  }
]